SolidWorks IGES file using analytic representation for surfaces         S      1
1H,,1H;,4Hpipe,62HG:\Solid Works files\pipe-fluid-flow-1.snapshot.4\pipeG      1
 igs.IGS,15HSolidWorks 2023,15HSolidWorks 2023,32,308,15,308,15,4Hpipe, G      2
1.,2,2HMM,50,0.125,13H250206.181121,1E-08,499990.,4HDELL,,11,0,13H250206G      3
.181121;                                                                G      4
     314       1       0       0       0                        00000200D      1
     314       0       8       1       0                               0D      2
     128       2       0       0       0                        01010000D      3
     128       0       0      23       0                               0D      4
     126      25       0       0       0                        01010500D      5
     126       0       0       2       0                               0D      6
     124      27       0       0       0                        00000000D      7
     124       0       0       3       0                               0D      8
     100      30       0       0       0               7        01010000D      9
     100       0       0       1       0                               0D     10
     126      31       0       0       0                        01010500D     11
     126       0       0       2       0                               0D     12
     124      33       0       0       0                        00000000D     13
     124       0       0       4       0                               0D     14
     100      37       0       0       0              13        01010000D     15
     100       0       0       1       0                               0D     16
     126      38       0       0       0                        01010500D     17
     126       0       0       2       0                               0D     18
     124      40       0       0       0                        00000000D     19
     124       0       0       4       0                               0D     20
     100      44       0       0       0              19        01010000D     21
     100       0       0       1       0                               0D     22
     126      45       0       0       0                        01010500D     23
     126       0       0       2       0                               0D     24
     124      47       0       0       0                        00000000D     25
     124       0       0       4       0                               0D     26
     100      51       0       0       0              25        01010000D     27
     100       0       0       1       0                               0D     28
     126      52       0       0       0                        01010500D     29
     126       0       0       2       0                               0D     30
     100      54       0       0       0                        01010000D     31
     100       0       0       1       0                               0D     32
     126      55       0       0       0                        01010500D     33
     126       0       0       2       0                               0D     34
     124      57       0       0       0                        00000000D     35
     124       0       0       3       0                               0D     36
     100      60       0       0       0              35        01010000D     37
     100       0       0       1       0                               0D     38
     102      61       0       0       0                        01010500D     39
     102       0       0       1       0                               0D     40
     102      62       0       0       0                        01010000D     41
     102       0       0       1       0                               0D     42
     142      63       0       0       0                        00010500D     43
     142       0       0       1       0                               0D     44
     144      64       0       0       0                        00000000D     45
     144       0      -1       1       0                               0D     46
     128      65       0       0       0                        01010000D     47
     128       0       0      24       0                               0D     48
     126      89       0       0       0                        01010500D     49
     126       0       0       2       0                               0D     50
     124      91       0       0       0                        00000000D     51
     124       0       0       3       0                               0D     52
     100      94       0       0       0              51        01010000D     53
     100       0       0       1       0                               0D     54
     126      95       0       0       0                        01010500D     55
     126       0       0       2       0                               0D     56
     124      97       0       0       0                        00000000D     57
     124       0       0       3       0                               0D     58
     100     100       0       0       0              57        01010000D     59
     100       0       0       1       0                               0D     60
     126     101       0       0       0                        01010500D     61
     126       0       0       2       0                               0D     62
     124     103       0       0       0                        00000000D     63
     124       0       0       3       0                               0D     64
     100     106       0       0       0              63        01010000D     65
     100       0       0       1       0                               0D     66
     126     107       0       0       0                        01010500D     67
     126       0       0       2       0                               0D     68
     100     109       0       0       0                        01010000D     69
     100       0       0       1       0                               0D     70
     102     110       0       0       0                        01010500D     71
     102       0       0       1       0                               0D     72
     102     111       0       0       0                        01010000D     73
     102       0       0       1       0                               0D     74
     142     112       0       0       0                        00010500D     75
     142       0       0       1       0                               0D     76
     144     113       0       0       0                        00000000D     77
     144       0      -1       1       0                               0D     78
     128     114       0       0       0                        01010000D     79
     128       0       0      25       0                               0D     80
     126     139       0       0       0                        01010500D     81
     126       0       0       2       0                               0D     82
     124     141       0       0       0                        00000000D     83
     124       0       0       3       0                               0D     84
     100     144       0       0       0              83        01010000D     85
     100       0       0       1       0                               0D     86
     126     145       0       0       0                        01010500D     87
     126       0       0       2       0                               0D     88
     124     147       0       0       0                        00000000D     89
     124       0       0       4       0                               0D     90
     100     151       0       0       0              89        01010000D     91
     100       0       0       1       0                               0D     92
     126     152       0       0       0                        01010500D     93
     126       0       0       2       0                               0D     94
     124     154       0       0       0                        00000000D     95
     124       0       0       4       0                               0D     96
     100     158       0       0       0              95        01010000D     97
     100       0       0       1       0                               0D     98
     126     159       0       0       0                        01010500D     99
     126       0       0       2       0                               0D    100
     124     161       0       0       0                        00000000D    101
     124       0       0       3       0                               0D    102
     100     164       0       0       0             101        01010000D    103
     100       0       0       1       0                               0D    104
     102     165       0       0       0                        01010500D    105
     102       0       0       1       0                               0D    106
     102     166       0       0       0                        01010000D    107
     102       0       0       1       0                               0D    108
     142     167       0       0       0                        00010500D    109
     142       0       0       1       0                               0D    110
     144     168       0       0       0                        00000000D    111
     144       0      -1       1       0                               0D    112
     128     169       0       0       0                        01010000D    113
     128       0       0      25       0                               0D    114
     126     194       0       0       0                        01010500D    115
     126       0       0       2       0                               0D    116
     124     196       0       0       0                        00000000D    117
     124       0       0       4       0                               0D    118
     100     200       0       0       0             117        01010000D    119
     100       0       0       1       0                               0D    120
     126     201       0       0       0                        01010500D    121
     126       0       0       2       0                               0D    122
     124     203       0       0       0                        00000000D    123
     124       0       0       3       0                               0D    124
     100     206       0       0       0             123        01010000D    125
     100       0       0       1       0                               0D    126
     126     207       0       0       0                        01010500D    127
     126       0       0       2       0                               0D    128
     124     209       0       0       0                        00000000D    129
     124       0       0       3       0                               0D    130
     100     212       0       0       0             129        01010000D    131
     100       0       0       1       0                               0D    132
     126     213       0       0       0                        01010500D    133
     126       0       0       2       0                               0D    134
     124     215       0       0       0                        00000000D    135
     124       0       0       4       0                               0D    136
     100     219       0       0       0             135        01010000D    137
     100       0       0       1       0                               0D    138
     102     220       0       0       0                        01010500D    139
     102       0       0       1       0                               0D    140
     102     221       0       0       0                        01010000D    141
     102       0       0       1       0                               0D    142
     142     222       0       0       0                        00010500D    143
     142       0       0       1       0                               0D    144
     144     223       0       0       0                        00000000D    145
     144       0      -1       1       0                               0D    146
     128     224       0       0       0                        01010000D    147
     128       0       0      24       0                               0D    148
     126     248       0       0       0                        01010500D    149
     126       0       0       2       0                               0D    150
     124     250       0       0       0                        00000000D    151
     124       0       0       3       0                               0D    152
     100     253       0       0       0             151        01010000D    153
     100       0       0       1       0                               0D    154
     126     254       0       0       0                        01010500D    155
     126       0       0       2       0                               0D    156
     100     256       0       0       0                        01010000D    157
     100       0       0       1       0                               0D    158
     126     257       0       0       0                        01010500D    159
     126       0       0       2       0                               0D    160
     100     259       0       0       0                        01010000D    161
     100       0       0       1       0                               0D    162
     126     260       0       0       0                        01010500D    163
     126       0       0       2       0                               0D    164
     124     262       0       0       0                        00000000D    165
     124       0       0       3       0                               0D    166
     100     265       0       0       0             165        01010000D    167
     100       0       0       1       0                               0D    168
     126     266       0       0       0                        01010500D    169
     126       0       0       2       0                               0D    170
     124     268       0       0       0                        00000000D    171
     124       0       0       4       0                               0D    172
     100     272       0       0       0             171        01010000D    173
     100       0       0       1       0                               0D    174
     102     273       0       0       0                        01010500D    175
     102       0       0       1       0                               0D    176
     102     274       0       0       0                        01010000D    177
     102       0       0       1       0                               0D    178
     142     275       0       0       0                        00010500D    179
     142       0       0       1       0                               0D    180
     144     276       0       0       0                        00000000D    181
     144       0      -1       1       0                               0D    182
     128     277       0       0       0                        01010000D    183
     128       0       0      24       0                               0D    184
     126     301       0       0       0                        01010500D    185
     126       0       0       2       0                               0D    186
     100     303       0       0       0                        01010000D    187
     100       0       0       1       0                               0D    188
     126     304       0       0       0                        01010500D    189
     126       0       0       2       0                               0D    190
     124     306       0       0       0                        00000000D    191
     124       0       0       3       0                               0D    192
     100     309       0       0       0             191        01010000D    193
     100       0       0       1       0                               0D    194
     126     310       0       0       0                        01010500D    195
     126       0       0       2       0                               0D    196
     124     312       0       0       0                        00000000D    197
     124       0       0       3       0                               0D    198
     100     315       0       0       0             197        01010000D    199
     100       0       0       1       0                               0D    200
     126     316       0       0       0                        01010500D    201
     126       0       0       2       0                               0D    202
     124     318       0       0       0                        00000000D    203
     124       0       0       3       0                               0D    204
     100     321       0       0       0             203        01010000D    205
     100       0       0       1       0                               0D    206
     126     322       0       0       0                        01010500D    207
     126       0       0       2       0                               0D    208
     100     324       0       0       0                        01010000D    209
     100       0       0       1       0                               0D    210
     102     325       0       0       0                        01010500D    211
     102       0       0       1       0                               0D    212
     102     326       0       0       0                        01010000D    213
     102       0       0       1       0                               0D    214
     142     327       0       0       0                        00010500D    215
     142       0       0       1       0                               0D    216
     144     328       0       0       0                        00000000D    217
     144       0      -1       1       0                               0D    218
     128     329       0       0       0                        01010000D    219
     128       0       0      25       0                               0D    220
     126     354       0       0       0                        01010500D    221
     126       0       0       2       0                               0D    222
     124     356       0       0       0                        00000000D    223
     124       0       0       3       0                               0D    224
     100     359       0       0       0             223        01010000D    225
     100       0       0       1       0                               0D    226
     126     360       0       0       0                        01010500D    227
     126       0       0       2       0                               0D    228
     124     362       0       0       0                        00000000D    229
     124       0       0       4       0                               0D    230
     100     366       0       0       0             229        01010000D    231
     100       0       0       1       0                               0D    232
     126     367       0       0       0                        01010500D    233
     126       0       0       2       0                               0D    234
     124     369       0       0       0                        00000000D    235
     124       0       0       4       0                               0D    236
     100     373       0       0       0             235        01010000D    237
     100       0       0       1       0                               0D    238
     126     374       0       0       0                        01010500D    239
     126       0       0       2       0                               0D    240
     124     376       0       0       0                        00000000D    241
     124       0       0       2       0                               0D    242
     100     378       0       0       0             241        01010000D    243
     100       0       0       1       0                               0D    244
     102     379       0       0       0                        01010500D    245
     102       0       0       1       0                               0D    246
     102     380       0       0       0                        01010000D    247
     102       0       0       1       0                               0D    248
     142     381       0       0       0                        00010500D    249
     142       0       0       1       0                               0D    250
     144     382       0       0       0                        00000000D    251
     144       0      -1       1       0                               0D    252
     128     383       0       0       0                        01010000D    253
     128       0       0      25       0                               0D    254
     126     408       0       0       0                        01010500D    255
     126       0       0       2       0                               0D    256
     124     410       0       0       0                        00000000D    257
     124       0       0       3       0                               0D    258
     100     413       0       0       0             257        01010000D    259
     100       0       0       1       0                               0D    260
     126     414       0       0       0                        01010500D    261
     126       0       0       2       0                               0D    262
     124     416       0       0       0                        00000000D    263
     124       0       0       2       0                               0D    264
     100     418       0       0       0             263        01010000D    265
     100       0       0       1       0                               0D    266
     126     419       0       0       0                        01010500D    267
     126       0       0       2       0                               0D    268
     124     421       0       0       0                        00000000D    269
     124       0       0       3       0                               0D    270
     100     424       0       0       0             269        01010000D    271
     100       0       0       1       0                               0D    272
     126     425       0       0       0                        01010500D    273
     126       0       0       2       0                               0D    274
     124     427       0       0       0                        00000000D    275
     124       0       0       4       0                               0D    276
     100     431       0       0       0             275        01010000D    277
     100       0       0       1       0                               0D    278
     102     432       0       0       0                        01010500D    279
     102       0       0       1       0                               0D    280
     102     433       0       0       0                        01010000D    281
     102       0       0       1       0                               0D    282
     142     434       0       0       0                        00010500D    283
     142       0       0       1       0                               0D    284
     144     435       0       0       0                        00000000D    285
     144       0      -1       1       0                               0D    286
     128     436       0       0       0                        01010000D    287
     128       0       0      24       0                               0D    288
     126     460       0       0       0                        01010500D    289
     126       0       0       2       0                               0D    290
     124     462       0       0       0                        00000000D    291
     124       0       0       2       0                               0D    292
     100     464       0       0       0             291        01010000D    293
     100       0       0       1       0                               0D    294
     126     465       0       0       0                        01010500D    295
     126       0       0       2       0                               0D    296
     124     467       0       0       0                        00000000D    297
     124       0       0       4       0                               0D    298
     100     471       0       0       0             297        01010000D    299
     100       0       0       1       0                               0D    300
     126     472       0       0       0                        01010500D    301
     126       0       0       2       0                               0D    302
     124     474       0       0       0                        00000000D    303
     124       0       0       4       0                               0D    304
     100     478       0       0       0             303        01010000D    305
     100       0       0       1       0                               0D    306
     126     479       0       0       0                        01010500D    307
     126       0       0       2       0                               0D    308
     124     481       0       0       0                        00000000D    309
     124       0       0       3       0                               0D    310
     100     484       0       0       0             309        01010000D    311
     100       0       0       1       0                               0D    312
     126     485       0       0       0                        01010500D    313
     126       0       0       2       0                               0D    314
     100     487       0       0       0                        01010000D    315
     100       0       0       1       0                               0D    316
     126     488       0       0       0                        01010500D    317
     126       0       0       2       0                               0D    318
     124     490       0       0       0                        00000000D    319
     124       0       0       4       0                               0D    320
     100     494       0       0       0             319        01010000D    321
     100       0       0       1       0                               0D    322
     102     495       0       0       0                        01010500D    323
     102       0       0       1       0                               0D    324
     102     496       0       0       0                        01010000D    325
     102       0       0       1       0                               0D    326
     142     497       0       0       0                        00010500D    327
     142       0       0       1       0                               0D    328
     144     498       0       0       0                        00000000D    329
     144       0      -1       1       0                               0D    330
     128     499       0       0       0                        01010000D    331
     128       0       0      24       0                               0D    332
     126     523       0       0       0                        01010500D    333
     126       0       0       2       0                               0D    334
     100     525       0       0       0                        01010000D    335
     100       0       0       1       0                               0D    336
     126     526       0       0       0                        01010500D    337
     126       0       0       2       0                               0D    338
     124     528       0       0       0                        00000000D    339
     124       0       0       3       0                               0D    340
     100     531       0       0       0             339        01010000D    341
     100       0       0       1       0                               0D    342
     126     532       0       0       0                        01010500D    343
     126       0       0       2       0                               0D    344
     124     534       0       0       0                        00000000D    345
     124       0       0       2       0                               0D    346
     100     536       0       0       0             345        01010000D    347
     100       0       0       1       0                               0D    348
     126     537       0       0       0                        01010500D    349
     126       0       0       2       0                               0D    350
     124     539       0       0       0                        00000000D    351
     124       0       0       3       0                               0D    352
     100     542       0       0       0             351        01010000D    353
     100       0       0       1       0                               0D    354
     102     543       0       0       0                        01010500D    355
     102       0       0       1       0                               0D    356
     102     544       0       0       0                        01010000D    357
     102       0       0       1       0                               0D    358
     142     545       0       0       0                        00010500D    359
     142       0       0       1       0                               0D    360
     144     546       0       0       0                        00000000D    361
     144       0      -1       1       0                               0D    362
     128     547       0       0       0                        01010000D    363
     128       0       0      25       0                               0D    364
     126     572       0       0       0                        01010500D    365
     126       0       0       2       0                               0D    366
     124     574       0       0       0                        00000000D    367
     124       0       0       2       0                               0D    368
     100     576       0       0       0             367        01010000D    369
     100       0       0       1       0                               0D    370
     126     577       0       0       0                        01010500D    371
     126       0       0       2       0                               0D    372
     124     579       0       0       0                        00000000D    373
     124       0       0       3       0                               0D    374
     100     582       0       0       0             373        01010000D    375
     100       0       0       1       0                               0D    376
     126     583       0       0       0                        01010500D    377
     126       0       0       2       0                               0D    378
     124     585       0       0       0                        00000000D    379
     124       0       0       4       0                               0D    380
     100     589       0       0       0             379        01010000D    381
     100       0       0       1       0                               0D    382
     126     590       0       0       0                        01010500D    383
     126       0       0       2       0                               0D    384
     124     592       0       0       0                        00000000D    385
     124       0       0       4       0                               0D    386
     100     596       0       0       0             385        01010000D    387
     100       0       0       1       0                               0D    388
     102     597       0       0       0                        01010500D    389
     102       0       0       1       0                               0D    390
     102     598       0       0       0                        01010000D    391
     102       0       0       1       0                               0D    392
     142     599       0       0       0                        00010500D    393
     142       0       0       1       0                               0D    394
     144     600       0       0       0                        00000000D    395
     144       0      -1       1       0                               0D    396
     128     601       0       0       0                        01010000D    397
     128       0       0      25       0                               0D    398
     126     626       0       0       0                        01010500D    399
     126       0       0       2       0                               0D    400
     124     628       0       0       0                        00000000D    401
     124       0       0       4       0                               0D    402
     100     632       0       0       0             401        01010000D    403
     100       0       0       1       0                               0D    404
     126     633       0       0       0                        01010500D    405
     126       0       0       2       0                               0D    406
     124     635       0       0       0                        00000000D    407
     124       0       0       4       0                               0D    408
     100     639       0       0       0             407        01010000D    409
     100       0       0       1       0                               0D    410
     126     640       0       0       0                        01010500D    411
     126       0       0       2       0                               0D    412
     124     642       0       0       0                        00000000D    413
     124       0       0       2       0                               0D    414
     100     644       0       0       0             413        01010000D    415
     100       0       0       1       0                               0D    416
     126     645       0       0       0                        01010500D    417
     126       0       0       2       0                               0D    418
     124     647       0       0       0                        00000000D    419
     124       0       0       3       0                               0D    420
     100     650       0       0       0             419        01010000D    421
     100       0       0       1       0                               0D    422
     102     651       0       0       0                        01010500D    423
     102       0       0       1       0                               0D    424
     102     652       0       0       0                        01010000D    425
     102       0       0       1       0                               0D    426
     142     653       0       0       0                        00010500D    427
     142       0       0       1       0                               0D    428
     144     654       0       0       0                        00000000D    429
     144       0      -1       1       0                               0D    430
     128     655       0       0       0                        01010000D    431
     128       0       0      24       0                               0D    432
     126     679       0       0       0                        01010500D    433
     126       0       0       2       0                               0D    434
     124     681       0       0       0                        00000000D    435
     124       0       0       3       0                               0D    436
     100     684       0       0       0             435        01010000D    437
     100       0       0       1       0                               0D    438
     126     685       0       0       0                        01010500D    439
     126       0       0       2       0                               0D    440
     124     687       0       0       0                        00000000D    441
     124       0       0       3       0                               0D    442
     100     690       0       0       0             441        01010000D    443
     100       0       0       1       0                               0D    444
     126     691       0       0       0                        01010500D    445
     126       0       0       2       0                               0D    446
     100     693       0       0       0                        01010000D    447
     100       0       0       1       0                               0D    448
     126     694       0       0       0                        01010500D    449
     126       0       0       2       0                               0D    450
     100     696       0       0       0                        01010000D    451
     100       0       0       1       0                               0D    452
     126     697       0       0       0                        01010500D    453
     126       0       0       2       0                               0D    454
     124     699       0       0       0                        00000000D    455
     124       0       0       3       0                               0D    456
     100     702       0       0       0             455        01010000D    457
     100       0       0       1       0                               0D    458
     102     703       0       0       0                        01010500D    459
     102       0       0       1       0                               0D    460
     102     704       0       0       0                        01010000D    461
     102       0       0       1       0                               0D    462
     142     705       0       0       0                        00010500D    463
     142       0       0       1       0                               0D    464
     144     706       0       0       0                        00000000D    465
     144       0      -1       1       0                               0D    466
     128     707       0       0       0                        01010000D    467
     128       0       0      24       0                               0D    468
     126     731       0       0       0                        01010500D    469
     126       0       0       2       0                               0D    470
     100     733       0       0       0                        01010000D    471
     100       0       0       1       0                               0D    472
     126     734       0       0       0                        01010500D    473
     126       0       0       2       0                               0D    474
     124     736       0       0       0                        00000000D    475
     124       0       0       3       0                               0D    476
     100     739       0       0       0             475        01010000D    477
     100       0       0       1       0                               0D    478
     126     740       0       0       0                        01010500D    479
     126       0       0       2       0                               0D    480
     124     742       0       0       0                        00000000D    481
     124       0       0       3       0                               0D    482
     100     745       0       0       0             481        01010000D    483
     100       0       0       1       0                               0D    484
     126     746       0       0       0                        01010500D    485
     126       0       0       2       0                               0D    486
     124     748       0       0       0                        00000000D    487
     124       0       0       3       0                               0D    488
     100     751       0       0       0             487        01010000D    489
     100       0       0       1       0                               0D    490
     126     752       0       0       0                        01010500D    491
     126       0       0       2       0                               0D    492
     100     754       0       0       0                        01010000D    493
     100       0       0       1       0                               0D    494
     102     755       0       0       0                        01010500D    495
     102       0       0       1       0                               0D    496
     102     756       0       0       0                        01010000D    497
     102       0       0       1       0                               0D    498
     142     757       0       0       0                        00010500D    499
     142       0       0       1       0                               0D    500
     144     758       0       0       0                        00000000D    501
     144       0      -1       1       0                               0D    502
     128     759       0       0       0                        01010000D    503
     128       0       0      25       0                               0D    504
     126     784       0       0       0                        01010500D    505
     126       0       0       2       0                               0D    506
     124     786       0       0       0                        00000000D    507
     124       0       0       3       0                               0D    508
     100     789       0       0       0             507        01010000D    509
     100       0       0       1       0                               0D    510
     126     790       0       0       0                        01010500D    511
     126       0       0       2       0                               0D    512
     124     792       0       0       0                        00000000D    513
     124       0       0       3       0                               0D    514
     100     795       0       0       0             513        01010000D    515
     100       0       0       1       0                               0D    516
     126     796       0       0       0                        01010500D    517
     126       0       0       2       0                               0D    518
     124     798       0       0       0                        00000000D    519
     124       0       0       4       0                               0D    520
     100     802       0       0       0             519        01010000D    521
     100       0       0       1       0                               0D    522
     126     803       0       0       0                        01010500D    523
     126       0       0       2       0                               0D    524
     124     805       0       0       0                        00000000D    525
     124       0       0       2       0                               0D    526
     100     807       0       0       0             525        01010000D    527
     100       0       0       1       0                               0D    528
     102     808       0       0       0                        01010500D    529
     102       0       0       1       0                               0D    530
     102     809       0       0       0                        01010000D    531
     102       0       0       1       0                               0D    532
     142     810       0       0       0                        00010500D    533
     142       0       0       1       0                               0D    534
     144     811       0       0       0                        00000000D    535
     144       0      -1       1       0                               0D    536
     128     812       0       0       0                        01010000D    537
     128       0       0      24       0                               0D    538
     126     836       0       0       0                        01010500D    539
     126       0       0       2       0                               0D    540
     124     838       0       0       0                        00000000D    541
     124       0       0       3       0                               0D    542
     100     841       0       0       0             541        01010000D    543
     100       0       0       1       0                               0D    544
     126     842       0       0       0                        01010500D    545
     126       0       0       2       0                               0D    546
     124     844       0       0       0                        00000000D    547
     124       0       0       3       0                               0D    548
     100     847       0       0       0             547        01010000D    549
     100       0       0       1       0                               0D    550
     126     848       0       0       0                        01010500D    551
     126       0       0       2       0                               0D    552
     124     850       0       0       0                        00000000D    553
     124       0       0       3       0                               0D    554
     100     853       0       0       0             553        01010000D    555
     100       0       0       1       0                               0D    556
     126     854       0       0       0                        01010500D    557
     126       0       0       2       0                               0D    558
     124     856       0       0       0                        00000000D    559
     124       0       0       3       0                               0D    560
     100     859       0       0       0             559        01010000D    561
     100       0       0       1       0                               0D    562
     102     860       0       0       0                        01010500D    563
     102       0       0       1       0                               0D    564
     102     861       0       0       0                        01010000D    565
     102       0       0       1       0                               0D    566
     142     862       0       0       0                        00010500D    567
     142       0       0       1       0                               0D    568
     144     863       0       0       0                        00000000D    569
     144       0      -1       1       0                               0D    570
     110     864       0       0       0                        01010000D    571
     110       0       0       1       0                               0D    572
     110     865       0       0       0                        01010000D    573
     110       0       0       1       0                               0D    574
     120     866       0       0       0                        01010000D    575
     120       0       0       1       0                               0D    576
     126     867       0       0       0                        01010500D    577
     126       0       0       2       0                               0D    578
     110     869       0       0       0                        01010000D    579
     110       0       0       1       0                               0D    580
     126     870       0       0       0                        01010500D    581
     126       0       0       2       0                               0D    582
     124     872       0       0       0                        00000000D    583
     124       0       0       3       0                               0D    584
     100     875       0       0       0             583        01010000D    585
     100       0       0       1       0                               0D    586
     126     876       0       0       0                        01010500D    587
     126       0       0       2       0                               0D    588
     110     878       0       0       0                        01010000D    589
     110       0       0       1       0                               0D    590
     126     879       0       0       0                        01010500D    591
     126       0       0       2       0                               0D    592
     124     881       0       0       0                        00000000D    593
     124       0       0       3       0                               0D    594
     100     884       0       0       0             593        01010000D    595
     100       0       0       1       0                               0D    596
     126     885       0       0       0                        01010500D    597
     126       0       0       2       0                               0D    598
     124     887       0       0       0                        00000000D    599
     124       0       0       4       0                               0D    600
     100     891       0       0       0             599        01010000D    601
     100       0       0       1       0                               0D    602
     102     892       0       0       0                        01010500D    603
     102       0       0       1       0                               0D    604
     102     893       0       0       0                        01010000D    605
     102       0       0       1       0                               0D    606
     142     894       0       0       0                        00010500D    607
     142       0       0       1       0                               0D    608
     144     895       0       0       0                        00000000D    609
     144       0      -1       1       0                               0D    610
     110     896       0       0       0                        01010000D    611
     110       0       0       1       0                               0D    612
     110     897       0       0       0                        01010000D    613
     110       0       0       1       0                               0D    614
     120     898       0       0       0                        01010000D    615
     120       0       0       1       0                               0D    616
     126     899       0       0       0                        01010500D    617
     126       0       0       2       0                               0D    618
     110     901       0       0       0                        01010000D    619
     110       0       0       1       0                               0D    620
     126     902       0       0       0                        01010500D    621
     126       0       0       2       0                               0D    622
     124     904       0       0       0                        00000000D    623
     124       0       0       3       0                               0D    624
     100     907       0       0       0             623        01010000D    625
     100       0       0       1       0                               0D    626
     126     908       0       0       0                        01010500D    627
     126       0       0       2       0                               0D    628
     124     910       0       0       0                        00000000D    629
     124       0       0       3       0                               0D    630
     100     913       0       0       0             629        01010000D    631
     100       0       0       1       0                               0D    632
     126     914       0       0       0                        01010500D    633
     126       0       0       2       0                               0D    634
     110     916       0       0       0                        01010000D    635
     110       0       0       1       0                               0D    636
     126     917       0       0       0                        01010500D    637
     126       0       0       2       0                               0D    638
     124     919       0       0       0                        00000000D    639
     124       0       0       3       0                               0D    640
     100     922       0       0       0             639        01010000D    641
     100       0       0       1       0                               0D    642
     102     923       0       0       0                        01010500D    643
     102       0       0       1       0                               0D    644
     102     924       0       0       0                        01010000D    645
     102       0       0       1       0                               0D    646
     142     925       0       0       0                        00010500D    647
     142       0       0       1       0                               0D    648
     144     926       0       0       0                        00000000D    649
     144       0      -1       1       0                               0D    650
     110     927       0       0       0                        01010000D    651
     110       0       0       1       0                               0D    652
     110     928       0       0       0                        01010000D    653
     110       0       0       1       0                               0D    654
     120     929       0       0       0                        01010000D    655
     120       0       0       1       0                               0D    656
     126     930       0       0       0                        01010500D    657
     126       0       0       2       0                               0D    658
     110     932       0       0       0                        01010000D    659
     110       0       0       1       0                               0D    660
     126     933       0       0       0                        01010500D    661
     126       0       0       2       0                               0D    662
     124     935       0       0       0                        00000000D    663
     124       0       0       4       0                               0D    664
     100     939       0       0       0             663        01010000D    665
     100       0       0       1       0                               0D    666
     126     940       0       0       0                        01010500D    667
     126       0       0       2       0                               0D    668
     110     942       0       0       0                        01010000D    669
     110       0       0       1       0                               0D    670
     126     943       0       0       0                        01010500D    671
     126       0       0       2       0                               0D    672
     100     945       0       0       0                        01010000D    673
     100       0       0       1       0                               0D    674
     102     946       0       0       0                        01010500D    675
     102       0       0       1       0                               0D    676
     102     947       0       0       0                        01010000D    677
     102       0       0       1       0                               0D    678
     142     948       0       0       0                        00010500D    679
     142       0       0       1       0                               0D    680
     144     949       0       0       0                        00000000D    681
     144       0      -1       1       0                               0D    682
     110     950       0       0       0                        01010000D    683
     110       0       0       1       0                               0D    684
     110     951       0       0       0                        01010000D    685
     110       0       0       1       0                               0D    686
     120     952       0       0       0                        01010000D    687
     120       0       0       1       0                               0D    688
     126     953       0       0       0                        01010500D    689
     126       0       0       2       0                               0D    690
     110     955       0       0       0                        01010000D    691
     110       0       0       1       0                               0D    692
     126     956       0       0       0                        01010500D    693
     126       0       0       2       0                               0D    694
     124     958       0       0       0                        00000000D    695
     124       0       0       3       0                               0D    696
     100     961       0       0       0             695        01010000D    697
     100       0       0       1       0                               0D    698
     126     962       0       0       0                        01010500D    699
     126       0       0       2       0                               0D    700
     110     964       0       0       0                        01010000D    701
     110       0       0       1       0                               0D    702
     126     965       0       0       0                        01010500D    703
     126       0       0       2       0                               0D    704
     124     967       0       0       0                        00000000D    705
     124       0       0       4       0                               0D    706
     100     971       0       0       0             705        01010000D    707
     100       0       0       1       0                               0D    708
     102     972       0       0       0                        01010500D    709
     102       0       0       1       0                               0D    710
     102     973       0       0       0                        01010000D    711
     102       0       0       1       0                               0D    712
     142     974       0       0       0                        00010500D    713
     142       0       0       1       0                               0D    714
     144     975       0       0       0                        00000000D    715
     144       0      -1       1       0                               0D    716
     110     976       0       0       0                        01010000D    717
     110       0       0       1       0                               0D    718
     110     977       0       0       0                        01010000D    719
     110       0       0       1       0                               0D    720
     120     978       0       0       0                        01010000D    721
     120       0       0       1       0                               0D    722
     126     979       0       0       0                        01010500D    723
     126       0       0       2       0                               0D    724
     110     981       0       0       0                        01010000D    725
     110       0       0       1       0                               0D    726
     126     982       0       0       0                        01010500D    727
     126       0       0       2       0                               0D    728
     100     984       0       0       0                        01010000D    729
     100       0       0       1       0                               0D    730
     126     985       0       0       0                        01010500D    731
     126       0       0       2       0                               0D    732
     110     987       0       0       0                        01010000D    733
     110       0       0       1       0                               0D    734
     126     988       0       0       0                        01010500D    735
     126       0       0       2       0                               0D    736
     124     990       0       0       0                        00000000D    737
     124       0       0       4       0                               0D    738
     100     994       0       0       0             737        01010000D    739
     100       0       0       1       0                               0D    740
     126     995       0       0       0                        01010500D    741
     126       0       0       2       0                               0D    742
     124     997       0       0       0                        00000000D    743
     124       0       0       4       0                               0D    744
     100    1001       0       0       0             743        01010000D    745
     100       0       0       1       0                               0D    746
     102    1002       0       0       0                        01010500D    747
     102       0       0       1       0                               0D    748
     102    1003       0       0       0                        01010000D    749
     102       0       0       1       0                               0D    750
     142    1004       0       0       0                        00010500D    751
     142       0       0       1       0                               0D    752
     144    1005       0       0       0                        00000000D    753
     144       0      -1       1       0                               0D    754
     110    1006       0       0       0                        01010000D    755
     110       0       0       1       0                               0D    756
     110    1007       0       0       0                        01010000D    757
     110       0       0       1       0                               0D    758
     120    1008       0       0       0                        01010000D    759
     120       0       0       1       0                               0D    760
     126    1009       0       0       0                        01010500D    761
     126       0       0       2       0                               0D    762
     110    1011       0       0       0                        01010000D    763
     110       0       0       1       0                               0D    764
     126    1012       0       0       0                        01010500D    765
     126       0       0       2       0                               0D    766
     124    1014       0       0       0                        00000000D    767
     124       0       0       3       0                               0D    768
     100    1017       0       0       0             767        01010000D    769
     100       0       0       1       0                               0D    770
     126    1018       0       0       0                        01010500D    771
     126       0       0       2       0                               0D    772
     110    1020       0       0       0                        01010000D    773
     110       0       0       1       0                               0D    774
     126    1021       0       0       0                        01010500D    775
     126       0       0       2       0                               0D    776
     124    1023       0       0       0                        00000000D    777
     124       0       0       3       0                               0D    778
     100    1026       0       0       0             777        01010000D    779
     100       0       0       1       0                               0D    780
     102    1027       0       0       0                        01010500D    781
     102       0       0       1       0                               0D    782
     102    1028       0       0       0                        01010000D    783
     102       0       0       1       0                               0D    784
     142    1029       0       0       0                        00010500D    785
     142       0       0       1       0                               0D    786
     144    1030       0       0       0                        00000000D    787
     144       0      -1       1       0                               0D    788
     110    1031       0       0       0                        01010000D    789
     110       0       0       1       0                               0D    790
     110    1032       0       0       0                        01010000D    791
     110       0       0       1       0                               0D    792
     120    1033       0       0       0                        01010000D    793
     120       0       0       1       0                               0D    794
     126    1034       0       0       0                        01010500D    795
     126       0       0       2       0                               0D    796
     110    1036       0       0       0                        01010000D    797
     110       0       0       1       0                               0D    798
     126    1037       0       0       0                        01010500D    799
     126       0       0       2       0                               0D    800
     124    1039       0       0       0                        00000000D    801
     124       0       0       3       0                               0D    802
     100    1042       0       0       0             801        01010000D    803
     100       0       0       1       0                               0D    804
     126    1043       0       0       0                        01010500D    805
     126       0       0       2       0                               0D    806
     124    1045       0       0       0                        00000000D    807
     124       0       0       4       0                               0D    808
     100    1049       0       0       0             807        01010000D    809
     100       0       0       1       0                               0D    810
     126    1050       0       0       0                        01010500D    811
     126       0       0       2       0                               0D    812
     110    1052       0       0       0                        01010000D    813
     110       0       0       1       0                               0D    814
     126    1053       0       0       0                        01010500D    815
     126       0       0       2       0                               0D    816
     100    1055       0       0       0                        01010000D    817
     100       0       0       1       0                               0D    818
     102    1056       0       0       0                        01010500D    819
     102       0       0       1       0                               0D    820
     102    1057       0       0       0                        01010000D    821
     102       0       0       1       0                               0D    822
     142    1058       0       0       0                        00010500D    823
     142       0       0       1       0                               0D    824
     144    1059       0       0       0                        00000000D    825
     144       0      -1       1       0                               0D    826
     110    1060       0       0       0                        01010000D    827
     110       0       0       1       0                               0D    828
     110    1061       0       0       0                        01010000D    829
     110       0       0       1       0                               0D    830
     120    1062       0       0       0                        01010000D    831
     120       0       0       1       0                               0D    832
     126    1063       0       0       0                        01010500D    833
     126       0       0       2       0                               0D    834
     110    1065       0       0       0                        01010000D    835
     110       0       0       1       0                               0D    836
     126    1066       0       0       0                        01010500D    837
     126       0       0       2       0                               0D    838
     124    1068       0       0       0                        00000000D    839
     124       0       0       3       0                               0D    840
     100    1071       0       0       0             839        01010000D    841
     100       0       0       1       0                               0D    842
     126    1072       0       0       0                        01010500D    843
     126       0       0       2       0                               0D    844
     110    1074       0       0       0                        01010000D    845
     110       0       0       1       0                               0D    846
     126    1075       0       0       0                        01010500D    847
     126       0       0       2       0                               0D    848
     124    1077       0       0       0                        00000000D    849
     124       0       0       3       0                               0D    850
     100    1080       0       0       0             849        01010000D    851
     100       0       0       1       0                               0D    852
     102    1081       0       0       0                        01010500D    853
     102       0       0       1       0                               0D    854
     102    1082       0       0       0                        01010000D    855
     102       0       0       1       0                               0D    856
     142    1083       0       0       0                        00010500D    857
     142       0       0       1       0                               0D    858
     144    1084       0       0       0                        00000000D    859
     144       0      -1       1       0                               0D    860
     110    1085       0       0       0                        01010000D    861
     110       0       0       1       0                               0D    862
     110    1086       0       0       0                        01010000D    863
     110       0       0       1       0                               0D    864
     120    1087       0       0       0                        01010000D    865
     120       0       0       1       0                               0D    866
     126    1088       0       0       0                        01010500D    867
     126       0       0       2       0                               0D    868
     110    1090       0       0       0                        01010000D    869
     110       0       0       1       0                               0D    870
     126    1091       0       0       0                        01010500D    871
     126       0       0       2       0                               0D    872
     100    1093       0       0       0                        01010000D    873
     100       0       0       1       0                               0D    874
     126    1094       0       0       0                        01010500D    875
     126       0       0       2       0                               0D    876
     110    1096       0       0       0                        01010000D    877
     110       0       0       1       0                               0D    878
     126    1097       0       0       0                        01010500D    879
     126       0       0       2       0                               0D    880
     124    1099       0       0       0                        00000000D    881
     124       0       0       3       0                               0D    882
     100    1102       0       0       0             881        01010000D    883
     100       0       0       1       0                               0D    884
     102    1103       0       0       0                        01010500D    885
     102       0       0       1       0                               0D    886
     102    1104       0       0       0                        01010000D    887
     102       0       0       1       0                               0D    888
     142    1105       0       0       0                        00010500D    889
     142       0       0       1       0                               0D    890
     144    1106       0       0       0                        00000000D    891
     144       0      -1       1       0                               0D    892
     110    1107       0       0       0                        01010000D    893
     110       0       0       1       0                               0D    894
     110    1108       0       0       0                        01010000D    895
     110       0       0       1       0                               0D    896
     120    1109       0       0       0                        01010000D    897
     120       0       0       1       0                               0D    898
     126    1110       0       0       0                        01010500D    899
     126       0       0       2       0                               0D    900
     124    1112       0       0       0                        00000000D    901
     124       0       0       4       0                               0D    902
     100    1116       0       0       0             901        01010000D    903
     100       0       0       1       0                               0D    904
     126    1117       0       0       0                        01010500D    905
     126       0       0       2       0                               0D    906
     110    1119       0       0       0                        01010000D    907
     110       0       0       1       0                               0D    908
     126    1120       0       0       0                        01010500D    909
     126       0       0       2       0                               0D    910
     124    1122       0       0       0                        00000000D    911
     124       0       0       3       0                               0D    912
     100    1125       0       0       0             911        01010000D    913
     100       0       0       1       0                               0D    914
     126    1126       0       0       0                        01010500D    915
     126       0       0       2       0                               0D    916
     110    1128       0       0       0                        01010000D    917
     110       0       0       1       0                               0D    918
     126    1129       0       0       0                        01010500D    919
     126       0       0       2       0                               0D    920
     124    1131       0       0       0                        00000000D    921
     124       0       0       4       0                               0D    922
     100    1135       0       0       0             921        01010000D    923
     100       0       0       1       0                               0D    924
     102    1136       0       0       0                        01010500D    925
     102       0       0       1       0                               0D    926
     102    1137       0       0       0                        01010000D    927
     102       0       0       1       0                               0D    928
     142    1138       0       0       0                        00010500D    929
     142       0       0       1       0                               0D    930
     144    1139       0       0       0                        00000000D    931
     144       0      -1       1       0                               0D    932
     110    1140       0       0       0                        01010000D    933
     110       0       0       1       0                               0D    934
     110    1141       0       0       0                        01010000D    935
     110       0       0       1       0                               0D    936
     120    1142       0       0       0                        01010000D    937
     120       0       0       1       0                               0D    938
     126    1143       0       0       0                        01010500D    939
     126       0       0       2       0                               0D    940
     124    1145       0       0       0                        00000000D    941
     124       0       0       2       0                               0D    942
     100    1147       0       0       0             941        01010000D    943
     100       0       0       1       0                               0D    944
     126    1148       0       0       0                        01010500D    945
     126       0       0       2       0                               0D    946
     110    1150       0       0       0                        01010000D    947
     110       0       0       1       0                               0D    948
     126    1151       0       0       0                        01010500D    949
     126       0       0       2       0                               0D    950
     124    1153       0       0       0                        00000000D    951
     124       0       0       2       0                               0D    952
     100    1155       0       0       0             951        01010000D    953
     100       0       0       1       0                               0D    954
     126    1156       0       0       0                        01010500D    955
     126       0       0       2       0                               0D    956
     124    1158       0       0       0                        00000000D    957
     124       0       0       3       0                               0D    958
     100    1161       0       0       0             957        01010000D    959
     100       0       0       1       0                               0D    960
     126    1162       0       0       0                        01010500D    961
     126       0       0       2       0                               0D    962
     110    1164       0       0       0                        01010000D    963
     110       0       0       1       0                               0D    964
     102    1165       0       0       0                        01010500D    965
     102       0       0       1       0                               0D    966
     102    1166       0       0       0                        01010000D    967
     102       0       0       1       0                               0D    968
     142    1167       0       0       0                        00010500D    969
     142       0       0       1       0                               0D    970
     144    1168       0       0       0                        00000000D    971
     144       0      -1       1       0                               0D    972
     110    1169       0       0       0                        01010000D    973
     110       0       0       1       0                               0D    974
     110    1170       0       0       0                        01010000D    975
     110       0       0       1       0                               0D    976
     120    1171       0       0       0                        01010000D    977
     120       0       0       1       0                               0D    978
     126    1172       0       0       0                        01010500D    979
     126       0       0       2       0                               0D    980
     100    1174       0       0       0                        01010000D    981
     100       0       0       1       0                               0D    982
     126    1175       0       0       0                        01010500D    983
     126       0       0       2       0                               0D    984
     110    1177       0       0       0                        01010000D    985
     110       0       0       1       0                               0D    986
     126    1178       0       0       0                        01010500D    987
     126       0       0       2       0                               0D    988
     124    1180       0       0       0                        00000000D    989
     124       0       0       4       0                               0D    990
     100    1184       0       0       0             989        01010000D    991
     100       0       0       1       0                               0D    992
     126    1185       0       0       0                        01010500D    993
     126       0       0       2       0                               0D    994
     110    1187       0       0       0                        01010000D    995
     110       0       0       1       0                               0D    996
     102    1188       0       0       0                        01010500D    997
     102       0       0       1       0                               0D    998
     102    1189       0       0       0                        01010000D    999
     102       0       0       1       0                               0D   1000
     142    1190       0       0       0                        00010500D   1001
     142       0       0       1       0                               0D   1002
     144    1191       0       0       0                        00000000D   1003
     144       0      -1       1       0                               0D   1004
     110    1192       0       0       0                        01010000D   1005
     110       0       0       1       0                               0D   1006
     110    1193       0       0       0                        01010000D   1007
     110       0       0       1       0                               0D   1008
     120    1194       0       0       0                        01010000D   1009
     120       0       0       1       0                               0D   1010
     126    1195       0       0       0                        01010500D   1011
     126       0       0       2       0                               0D   1012
     124    1197       0       0       0                        00000000D   1013
     124       0       0       2       0                               0D   1014
     100    1199       0       0       0            1013        01010000D   1015
     100       0       0       1       0                               0D   1016
     126    1200       0       0       0                        01010500D   1017
     126       0       0       2       0                               0D   1018
     110    1202       0       0       0                        01010000D   1019
     110       0       0       1       0                               0D   1020
     126    1203       0       0       0                        01010500D   1021
     126       0       0       2       0                               0D   1022
     124    1205       0       0       0                        00000000D   1023
     124       0       0       2       0                               0D   1024
     100    1207       0       0       0            1023        01010000D   1025
     100       0       0       1       0                               0D   1026
     126    1208       0       0       0                        01010500D   1027
     126       0       0       2       0                               0D   1028
     110    1210       0       0       0                        01010000D   1029
     110       0       0       1       0                               0D   1030
     102    1211       0       0       0                        01010500D   1031
     102       0       0       1       0                               0D   1032
     102    1212       0       0       0                        01010000D   1033
     102       0       0       1       0                               0D   1034
     142    1213       0       0       0                        00010500D   1035
     142       0       0       1       0                               0D   1036
     144    1214       0       0       0                        00000000D   1037
     144       0      -1       1       0                               0D   1038
     110    1215       0       0       0                        01010000D   1039
     110       0       0       1       0                               0D   1040
     110    1216       0       0       0                        01010000D   1041
     110       0       0       1       0                               0D   1042
     120    1217       0       0       0                        01010000D   1043
     120       0       0       1       0                               0D   1044
     126    1218       0       0       0                        01010500D   1045
     126       0       0       2       0                               0D   1046
     124    1220       0       0       0                        00000000D   1047
     124       0       0       3       0                               0D   1048
     100    1223       0       0       0            1047        01010000D   1049
     100       0       0       1       0                               0D   1050
     126    1224       0       0       0                        01010500D   1051
     126       0       0       2       0                               0D   1052
     110    1226       0       0       0                        01010000D   1053
     110       0       0       1       0                               0D   1054
     126    1227       0       0       0                        01010500D   1055
     126       0       0       2       0                               0D   1056
     100    1229       0       0       0                        01010000D   1057
     100       0       0       1       0                               0D   1058
     126    1230       0       0       0                        01010500D   1059
     126       0       0       2       0                               0D   1060
     110    1232       0       0       0                        01010000D   1061
     110       0       0       1       0                               0D   1062
     126    1233       0       0       0                        01010500D   1063
     126       0       0       2       0                               0D   1064
     124    1235       0       0       0                        00000000D   1065
     124       0       0       4       0                               0D   1066
     100    1239       0       0       0            1065        01010000D   1067
     100       0       0       1       0                               0D   1068
     102    1240       0       0       0                        01010500D   1069
     102       0       0       1       0                               0D   1070
     102    1241       0       0       0                        01010000D   1071
     102       0       0       1       0                               0D   1072
     142    1242       0       0       0                        00010500D   1073
     142       0       0       1       0                               0D   1074
     144    1243       0       0       0                        00000000D   1075
     144       0      -1       1       0                               0D   1076
     110    1244       0       0       0                        01010000D   1077
     110       0       0       1       0                               0D   1078
     110    1245       0       0       0                        01010000D   1079
     110       0       0       1       0                               0D   1080
     120    1246       0       0       0                        01010000D   1081
     120       0       0       1       0                               0D   1082
     126    1247       0       0       0                        01010500D   1083
     126       0       0       2       0                               0D   1084
     124    1249       0       0       0                        00000000D   1085
     124       0       0       4       0                               0D   1086
     100    1253       0       0       0            1085        01010000D   1087
     100       0       0       1       0                               0D   1088
     126    1254       0       0       0                        01010500D   1089
     126       0       0       2       0                               0D   1090
     110    1256       0       0       0                        01010000D   1091
     110       0       0       1       0                               0D   1092
     126    1257       0       0       0                        01010500D   1093
     126       0       0       2       0                               0D   1094
     124    1259       0       0       0                        00000000D   1095
     124       0       0       3       0                               0D   1096
     100    1262       0       0       0            1095        01010000D   1097
     100       0       0       1       0                               0D   1098
     126    1263       0       0       0                        01010500D   1099
     126       0       0       2       0                               0D   1100
     110    1265       0       0       0                        01010000D   1101
     110       0       0       1       0                               0D   1102
     102    1266       0       0       0                        01010500D   1103
     102       0       0       1       0                               0D   1104
     102    1267       0       0       0                        01010000D   1105
     102       0       0       1       0                               0D   1106
     142    1268       0       0       0                        00010500D   1107
     142       0       0       1       0                               0D   1108
     144    1269       0       0       0                        00000000D   1109
     144       0      -1       1       0                               0D   1110
     110    1270       0       0       0                        01010000D   1111
     110       0       0       1       0                               0D   1112
     110    1271       0       0       0                        01010000D   1113
     110       0       0       1       0                               0D   1114
     120    1272       0       0       0                        01010000D   1115
     120       0       0       1       0                               0D   1116
     126    1273       0       0       0                        01010500D   1117
     126       0       0       2       0                               0D   1118
     100    1275       0       0       0                        01010000D   1119
     100       0       0       1       0                               0D   1120
     126    1276       0       0       0                        01010500D   1121
     126       0       0       2       0                               0D   1122
     110    1278       0       0       0                        01010000D   1123
     110       0       0       1       0                               0D   1124
     126    1279       0       0       0                        01010500D   1125
     126       0       0       2       0                               0D   1126
     124    1281       0       0       0                        00000000D   1127
     124       0       0       4       0                               0D   1128
     100    1285       0       0       0            1127        01010000D   1129
     100       0       0       1       0                               0D   1130
     126    1286       0       0       0                        01010500D   1131
     126       0       0       2       0                               0D   1132
     124    1288       0       0       0                        00000000D   1133
     124       0       0       3       0                               0D   1134
     100    1291       0       0       0            1133        01010000D   1135
     100       0       0       1       0                               0D   1136
     126    1292       0       0       0                        01010500D   1137
     126       0       0       2       0                               0D   1138
     110    1294       0       0       0                        01010000D   1139
     110       0       0       1       0                               0D   1140
     102    1295       0       0       0                        01010500D   1141
     102       0       0       1       0                               0D   1142
     102    1296       0       0       0                        01010000D   1143
     102       0       0       1       0                               0D   1144
     142    1297       0       0       0                        00010500D   1145
     142       0       0       1       0                               0D   1146
     144    1298       0       0       0                        00000000D   1147
     144       0      -1       1       0                               0D   1148
     110    1299       0       0       0                        01010000D   1149
     110       0       0       1       0                               0D   1150
     110    1300       0       0       0                        01010000D   1151
     110       0       0       1       0                               0D   1152
     120    1301       0       0       0                        01010000D   1153
     120       0       0       1       0                               0D   1154
     126    1302       0       0       0                        01010500D   1155
     126       0       0       2       0                               0D   1156
     124    1304       0       0       0                        00000000D   1157
     124       0       0       2       0                               0D   1158
     100    1306       0       0       0            1157        01010000D   1159
     100       0       0       1       0                               0D   1160
     126    1307       0       0       0                        01010500D   1161
     126       0       0       2       0                               0D   1162
     110    1309       0       0       0                        01010000D   1163
     110       0       0       1       0                               0D   1164
     126    1310       0       0       0                        01010500D   1165
     126       0       0       2       0                               0D   1166
     124    1312       0       0       0                        00000000D   1167
     124       0       0       2       0                               0D   1168
     100    1314       0       0       0            1167        01010000D   1169
     100       0       0       1       0                               0D   1170
     126    1315       0       0       0                        01010500D   1171
     126       0       0       2       0                               0D   1172
     110    1317       0       0       0                        01010000D   1173
     110       0       0       1       0                               0D   1174
     102    1318       0       0       0                        01010500D   1175
     102       0       0       1       0                               0D   1176
     102    1319       0       0       0                        01010000D   1177
     102       0       0       1       0                               0D   1178
     142    1320       0       0       0                        00010500D   1179
     142       0       0       1       0                               0D   1180
     144    1321       0       0       0                        00000000D   1181
     144       0      -1       1       0                               0D   1182
     110    1322       0       0       0                        01010000D   1183
     110       0       0       1       0                               0D   1184
     110    1323       0       0       0                        01010000D   1185
     110       0       0       1       0                               0D   1186
     120    1324       0       0       0                        01010000D   1187
     120       0       0       1       0                               0D   1188
     126    1325       0       0       0                        01010500D   1189
     126       0       0       2       0                               0D   1190
     124    1327       0       0       0                        00000000D   1191
     124       0       0       3       0                               0D   1192
     100    1330       0       0       0            1191        01010000D   1193
     100       0       0       1       0                               0D   1194
     126    1331       0       0       0                        01010500D   1195
     126       0       0       2       0                               0D   1196
     110    1333       0       0       0                        01010000D   1197
     110       0       0       1       0                               0D   1198
     126    1334       0       0       0                        01010500D   1199
     126       0       0       2       0                               0D   1200
     100    1336       0       0       0                        01010000D   1201
     100       0       0       1       0                               0D   1202
     126    1337       0       0       0                        01010500D   1203
     126       0       0       2       0                               0D   1204
     110    1339       0       0       0                        01010000D   1205
     110       0       0       1       0                               0D   1206
     102    1340       0       0       0                        01010500D   1207
     102       0       0       1       0                               0D   1208
     102    1341       0       0       0                        01010000D   1209
     102       0       0       1       0                               0D   1210
     142    1342       0       0       0                        00010500D   1211
     142       0       0       1       0                               0D   1212
     144    1343       0       0       0                        00000000D   1213
     144       0      -1       1       0                               0D   1214
     128    1344       0       0       0                        01010000D   1215
     128       0       0       3       0                               0D   1216
     126    1347       0       0       0                        01010500D   1217
     126       0       0      22       0                               0D   1218
     100    1369       0       0       0                        01010000D   1219
     100       0       0       1       0                               0D   1220
     126    1370       0       0       0                        01010500D   1221
     126       0       0      22       0                               0D   1222
     100    1392       0       0       0                        01010000D   1223
     100       0       0       1       0                               0D   1224
     102    1393       0       0       0                        01010500D   1225
     102       0       0       1       0                               0D   1226
     102    1394       0       0       0                        01010000D   1227
     102       0       0       1       0                               0D   1228
     142    1395       0       0       0                        00010500D   1229
     142       0       0       1       0                               0D   1230
     126    1396       0       0       0                        01010500D   1231
     126       0       0      22       0                               0D   1232
     124    1418       0       0       0                        00000000D   1233
     124       0       0       3       0                               0D   1234
     100    1421       0       0       0            1233        01010000D   1235
     100       0       0       1       0                               0D   1236
     126    1422       0       0       0                        01010500D   1237
     126       0       0      22       0                               0D   1238
     124    1444       0       0       0                        00000000D   1239
     124       0       0       3       0                               0D   1240
     100    1447       0       0       0            1239        01010000D   1241
     100       0       0       1       0                               0D   1242
     102    1448       0       0       0                        01010500D   1243
     102       0       0       1       0                               0D   1244
     102    1449       0       0       0                        01010000D   1245
     102       0       0       1       0                               0D   1246
     142    1450       0       0       0                        00010500D   1247
     142       0       0       1       0                               0D   1248
     144    1451       0       0       0                        00000000D   1249
     144       0      -1       1       0                               0D   1250
     128    1452       0       0       0                        01010000D   1251
     128       0       0       3       0                               0D   1252
     126    1455       0       0       0                        01010500D   1253
     126       0       0      22       0                               0D   1254
     124    1477       0       0       0                        00000000D   1255
     124       0       0       3       0                               0D   1256
     100    1480       0       0       0            1255        01010000D   1257
     100       0       0       1       0                               0D   1258
     126    1481       0       0       0                        01010500D   1259
     126       0       0      22       0                               0D   1260
     124    1503       0       0       0                        00000000D   1261
     124       0       0       3       0                               0D   1262
     100    1506       0       0       0            1261        01010000D   1263
     100       0       0       1       0                               0D   1264
     102    1507       0       0       0                        01010500D   1265
     102       0       0       1       0                               0D   1266
     102    1508       0       0       0                        01010000D   1267
     102       0       0       1       0                               0D   1268
     142    1509       0       0       0                        00010500D   1269
     142       0       0       1       0                               0D   1270
     126    1510       0       0       0                        01010500D   1271
     126       0       0      22       0                               0D   1272
     124    1532       0       0       0                        00000000D   1273
     124       0       0       3       0                               0D   1274
     100    1535       0       0       0            1273        01010000D   1275
     100       0       0       1       0                               0D   1276
     126    1536       0       0       0                        01010500D   1277
     126       0       0      22       0                               0D   1278
     124    1558       0       0       0                        00000000D   1279
     124       0       0       3       0                               0D   1280
     100    1561       0       0       0            1279        01010000D   1281
     100       0       0       1       0                               0D   1282
     102    1562       0       0       0                        01010500D   1283
     102       0       0       1       0                               0D   1284
     102    1563       0       0       0                        01010000D   1285
     102       0       0       1       0                               0D   1286
     142    1564       0       0       0                        00010500D   1287
     142       0       0       1       0                               0D   1288
     144    1565       0       0       0                        00000000D   1289
     144       0      -1       1       0                               0D   1290
     110    1566       0       0       0                        01010000D   1291
     110       0       0       1       0                               0D   1292
     110    1567       0       0       0                        01010000D   1293
     110       0       0       1       0                               0D   1294
     120    1568       0       0       0                        01010000D   1295
     120       0       0       1       0                               0D   1296
     126    1569       0       0       0                        01010500D   1297
     126       0       0       2       0                               0D   1298
     110    1571       0       0       0                        01010000D   1299
     110       0       0       1       0                               0D   1300
     126    1572       0       0       0                        01010500D   1301
     126       0       0       2       0                               0D   1302
     124    1574       0       0       0                        00000000D   1303
     124       0       0       3       0                               0D   1304
     100    1577       0       0       0            1303        01010000D   1305
     100       0       0       1       0                               0D   1306
     126    1578       0       0       0                        01010500D   1307
     126       0       0       2       0                               0D   1308
     110    1580       0       0       0                        01010000D   1309
     110       0       0       1       0                               0D   1310
     126    1581       0       0       0                        01010500D   1311
     126       0       0       2       0                               0D   1312
     100    1583       0       0       0                        01010000D   1313
     100       0       0       1       0                               0D   1314
     102    1584       0       0       0                        01010500D   1315
     102       0       0       1       0                               0D   1316
     102    1585       0       0       0                        01010000D   1317
     102       0       0       1       0                               0D   1318
     142    1586       0       0       0                        00010500D   1319
     142       0       0       1       0                               0D   1320
     144    1587       0       0       0                        00000000D   1321
     144       0      -1       1       0                               0D   1322
     128    1588       0       0       0                        01010000D   1323
     128       0       0      24       0                               0D   1324
     126    1612       0       0       0                        01010500D   1325
     126       0       0       2       0                               0D   1326
     124    1614       0       0       0                        00000000D   1327
     124       0       0       3       0                               0D   1328
     100    1617       0       0       0            1327        01010000D   1329
     100       0       0       1       0                               0D   1330
     126    1618       0       0       0                        01010500D   1331
     126       0       0       2       0                               0D   1332
     124    1620       0       0       0                        00000000D   1333
     124       0       0       4       0                               0D   1334
     100    1624       0       0       0            1333        01010000D   1335
     100       0       0       1       0                               0D   1336
     126    1625       0       0       0                        01010500D   1337
     126       0       0       2       0                               0D   1338
     124    1627       0       0       0                        00000000D   1339
     124       0       0       3       0                               0D   1340
     100    1630       0       0       0            1339        01010000D   1341
     100       0       0       1       0                               0D   1342
     126    1631       0       0       0                        01010500D   1343
     126       0       0       2       0                               0D   1344
     124    1633       0       0       0                        00000000D   1345
     124       0       0       2       0                               0D   1346
     100    1635       0       0       0            1345        01010000D   1347
     100       0       0       1       0                               0D   1348
     102    1636       0       0       0                        01010500D   1349
     102       0       0       1       0                               0D   1350
     102    1637       0       0       0                        01010000D   1351
     102       0       0       1       0                               0D   1352
     142    1638       0       0       0                        00010500D   1353
     142       0       0       1       0                               0D   1354
     144    1639       0       0       0                        00000000D   1355
     144       0      -1       1       0                               0D   1356
     110    1640       0       0       0                        01010000D   1357
     110       0       0       1       0                               0D   1358
     110    1641       0       0       0                        01010000D   1359
     110       0       0       1       0                               0D   1360
     120    1642       0       0       0                        01010000D   1361
     120       0       0       1       0                               0D   1362
     126    1643       0       0       0                        01010500D   1363
     126       0       0       2       0                               0D   1364
     110    1645       0       0       0                        01010000D   1365
     110       0       0       1       0                               0D   1366
     126    1646       0       0       0                        01010500D   1367
     126       0       0       2       0                               0D   1368
     124    1648       0       0       0                        00000000D   1369
     124       0       0       3       0                               0D   1370
     100    1651       0       0       0            1369        01010000D   1371
     100       0       0       1       0                               0D   1372
     126    1652       0       0       0                        01010500D   1373
     126       0       0       2       0                               0D   1374
     110    1654       0       0       0                        01010000D   1375
     110       0       0       1       0                               0D   1376
     126    1655       0       0       0                        01010500D   1377
     126       0       0       2       0                               0D   1378
     124    1657       0       0       0                        00000000D   1379
     124       0       0       3       0                               0D   1380
     100    1660       0       0       0            1379        01010000D   1381
     100       0       0       1       0                               0D   1382
     102    1661       0       0       0                        01010500D   1383
     102       0       0       1       0                               0D   1384
     102    1662       0       0       0                        01010000D   1385
     102       0       0       1       0                               0D   1386
     142    1663       0       0       0                        00010500D   1387
     142       0       0       1       0                               0D   1388
     144    1664       0       0       0                        00000000D   1389
     144       0      -1       1       0                               0D   1390
     128    1665       0       0       0                        01010000D   1391
     128       0       0      25       0                               0D   1392
     126    1690       0       0       0                        01010500D   1393
     126       0       0       2       0                               0D   1394
     124    1692       0       0       0                        00000000D   1395
     124       0       0       4       0                               0D   1396
     100    1696       0       0       0            1395        01010000D   1397
     100       0       0       1       0                               0D   1398
     126    1697       0       0       0                        01010500D   1399
     126       0       0       2       0                               0D   1400
     124    1699       0       0       0                        00000000D   1401
     124       0       0       2       0                               0D   1402
     100    1701       0       0       0            1401        01010000D   1403
     100       0       0       1       0                               0D   1404
     126    1702       0       0       0                        01010500D   1405
     126       0       0       2       0                               0D   1406
     124    1704       0       0       0                        00000000D   1407
     124       0       0       3       0                               0D   1408
     100    1707       0       0       0            1407        01010000D   1409
     100       0       0       1       0                               0D   1410
     126    1708       0       0       0                        01010500D   1411
     126       0       0       2       0                               0D   1412
     124    1710       0       0       0                        00000000D   1413
     124       0       0       4       0                               0D   1414
     100    1714       0       0       0            1413        01010000D   1415
     100       0       0       1       0                               0D   1416
     102    1715       0       0       0                        01010500D   1417
     102       0       0       1       0                               0D   1418
     102    1716       0       0       0                        01010000D   1419
     102       0       0       1       0                               0D   1420
     142    1717       0       0       0                        00010500D   1421
     142       0       0       1       0                               0D   1422
     144    1718       0       0       0                        00000000D   1423
     144       0      -1       1       0                               0D   1424
     110    1719       0       0       0                        01010000D   1425
     110       0       0       1       0                               0D   1426
     110    1720       0       0       0                        01010000D   1427
     110       0       0       1       0                               0D   1428
     120    1721       0       0       0                        01010000D   1429
     120       0       0       1       0                               0D   1430
     126    1722       0       0       0                        01010500D   1431
     126       0       0       2       0                               0D   1432
     110    1724       0       0       0                        01010000D   1433
     110       0       0       1       0                               0D   1434
     126    1725       0       0       0                        01010500D   1435
     126       0       0       2       0                               0D   1436
     100    1727       0       0       0                        01010000D   1437
     100       0       0       1       0                               0D   1438
     126    1728       0       0       0                        01010500D   1439
     126       0       0       2       0                               0D   1440
     110    1730       0       0       0                        01010000D   1441
     110       0       0       1       0                               0D   1442
     126    1731       0       0       0                        01010500D   1443
     126       0       0       2       0                               0D   1444
     124    1733       0       0       0                        00000000D   1445
     124       0       0       3       0                               0D   1446
     100    1736       0       0       0            1445        01010000D   1447
     100       0       0       1       0                               0D   1448
     126    1737       0       0       0                        01010500D   1449
     126       0       0       2       0                               0D   1450
     124    1739       0       0       0                        00000000D   1451
     124       0       0       4       0                               0D   1452
     100    1743       0       0       0            1451        01010000D   1453
     100       0       0       1       0                               0D   1454
     102    1744       0       0       0                        01010500D   1455
     102       0       0       1       0                               0D   1456
     102    1745       0       0       0                        01010000D   1457
     102       0       0       1       0                               0D   1458
     142    1746       0       0       0                        00010500D   1459
     142       0       0       1       0                               0D   1460
     144    1747       0       0       0                        00000000D   1461
     144       0      -1       1       0                               0D   1462
     128    1748       0       0       0                        01010000D   1463
     128       0       0      24       0                               0D   1464
     126    1772       0       0       0                        01010500D   1465
     126       0       0       2       0                               0D   1466
     124    1774       0       0       0                        00000000D   1467
     124       0       0       3       0                               0D   1468
     100    1777       0       0       0            1467        01010000D   1469
     100       0       0       1       0                               0D   1470
     126    1778       0       0       0                        01010500D   1471
     126       0       0       2       0                               0D   1472
     100    1780       0       0       0                        01010000D   1473
     100       0       0       1       0                               0D   1474
     126    1781       0       0       0                        01010500D   1475
     126       0       0       2       0                               0D   1476
     100    1783       0       0       0                        01010000D   1477
     100       0       0       1       0                               0D   1478
     126    1784       0       0       0                        01010500D   1479
     126       0       0       2       0                               0D   1480
     124    1786       0       0       0                        00000000D   1481
     124       0       0       3       0                               0D   1482
     100    1789       0       0       0            1481        01010000D   1483
     100       0       0       1       0                               0D   1484
     126    1790       0       0       0                        01010500D   1485
     126       0       0       2       0                               0D   1486
     124    1792       0       0       0                        00000000D   1487
     124       0       0       3       0                               0D   1488
     100    1795       0       0       0            1487        01010000D   1489
     100       0       0       1       0                               0D   1490
     102    1796       0       0       0                        01010500D   1491
     102       0       0       1       0                               0D   1492
     102    1797       0       0       0                        01010000D   1493
     102       0       0       1       0                               0D   1494
     142    1798       0       0       0                        00010500D   1495
     142       0       0       1       0                               0D   1496
     144    1799       0       0       0                        00000000D   1497
     144       0      -1       1       0                               0D   1498
     110    1800       0       0       0                        01010000D   1499
     110       0       0       1       0                               0D   1500
     110    1801       0       0       0                        01010000D   1501
     110       0       0       1       0                               0D   1502
     120    1802       0       0       0                        01010000D   1503
     120       0       0       1       0                               0D   1504
     126    1803       0       0       0                        01010500D   1505
     126       0       0       2       0                               0D   1506
     110    1805       0       0       0                        01010000D   1507
     110       0       0       1       0                               0D   1508
     126    1806       0       0       0                        01010500D   1509
     126       0       0       2       0                               0D   1510
     124    1808       0       0       0                        00000000D   1511
     124       0       0       3       0                               0D   1512
     100    1811       0       0       0            1511        01010000D   1513
     100       0       0       1       0                               0D   1514
     126    1812       0       0       0                        01010500D   1515
     126       0       0       2       0                               0D   1516
     110    1814       0       0       0                        01010000D   1517
     110       0       0       1       0                               0D   1518
     126    1815       0       0       0                        01010500D   1519
     126       0       0       2       0                               0D   1520
     124    1817       0       0       0                        00000000D   1521
     124       0       0       3       0                               0D   1522
     100    1820       0       0       0            1521        01010000D   1523
     100       0       0       1       0                               0D   1524
     102    1821       0       0       0                        01010500D   1525
     102       0       0       1       0                               0D   1526
     102    1822       0       0       0                        01010000D   1527
     102       0       0       1       0                               0D   1528
     142    1823       0       0       0                        00010500D   1529
     142       0       0       1       0                               0D   1530
     144    1824       0       0       0                        00000000D   1531
     144       0      -1       1       0                               0D   1532
     128    1825       0       0       0                        01010000D   1533
     128       0       0      24       0                               0D   1534
     126    1849       0       0       0                        01010500D   1535
     126       0       0       2       0                               0D   1536
     124    1851       0       0       0                        00000000D   1537
     124       0       0       3       0                               0D   1538
     100    1854       0       0       0            1537        01010000D   1539
     100       0       0       1       0                               0D   1540
     126    1855       0       0       0                        01010500D   1541
     126       0       0       2       0                               0D   1542
     124    1857       0       0       0                        00000000D   1543
     124       0       0       4       0                               0D   1544
     100    1861       0       0       0            1543        01010000D   1545
     100       0       0       1       0                               0D   1546
     126    1862       0       0       0                        01010500D   1547
     126       0       0       2       0                               0D   1548
     124    1864       0       0       0                        00000000D   1549
     124       0       0       3       0                               0D   1550
     100    1867       0       0       0            1549        01010000D   1551
     100       0       0       1       0                               0D   1552
     126    1868       0       0       0                        01010500D   1553
     126       0       0       2       0                               0D   1554
     100    1870       0       0       0                        01010000D   1555
     100       0       0       1       0                               0D   1556
     126    1871       0       0       0                        01010500D   1557
     126       0       0       2       0                               0D   1558
     100    1873       0       0       0                        01010000D   1559
     100       0       0       1       0                               0D   1560
     102    1874       0       0       0                        01010500D   1561
     102       0       0       1       0                               0D   1562
     102    1875       0       0       0                        01010000D   1563
     102       0       0       1       0                               0D   1564
     142    1876       0       0       0                        00010500D   1565
     142       0       0       1       0                               0D   1566
     144    1877       0       0       0                        00000000D   1567
     144       0      -1       1       0                               0D   1568
     110    1878       0       0       0                        01010000D   1569
     110       0       0       1       0                               0D   1570
     110    1879       0       0       0                        01010000D   1571
     110       0       0       1       0                               0D   1572
     120    1880       0       0       0                        01010000D   1573
     120       0       0       1       0                               0D   1574
     126    1881       0       0       0                        01010500D   1575
     126       0       0       2       0                               0D   1576
     110    1883       0       0       0                        01010000D   1577
     110       0       0       1       0                               0D   1578
     126    1884       0       0       0                        01010500D   1579
     126       0       0       2       0                               0D   1580
     124    1886       0       0       0                        00000000D   1581
     124       0       0       4       0                               0D   1582
     100    1890       0       0       0            1581        01010000D   1583
     100       0       0       1       0                               0D   1584
     126    1891       0       0       0                        01010500D   1585
     126       0       0       2       0                               0D   1586
     124    1893       0       0       0                        00000000D   1587
     124       0       0       4       0                               0D   1588
     100    1897       0       0       0            1587        01010000D   1589
     100       0       0       1       0                               0D   1590
     126    1898       0       0       0                        01010500D   1591
     126       0       0       2       0                               0D   1592
     110    1900       0       0       0                        01010000D   1593
     110       0       0       1       0                               0D   1594
     126    1901       0       0       0                        01010500D   1595
     126       0       0       2       0                               0D   1596
     100    1903       0       0       0                        01010000D   1597
     100       0       0       1       0                               0D   1598
     102    1904       0       0       0                        01010500D   1599
     102       0       0       1       0                               0D   1600
     102    1905       0       0       0                        01010000D   1601
     102       0       0       1       0                               0D   1602
     142    1906       0       0       0                        00010500D   1603
     142       0       0       1       0                               0D   1604
     144    1907       0       0       0                        00000000D   1605
     144       0      -1       1       0                               0D   1606
     128    1908       0       0       0                        01010000D   1607
     128       0       0      25       0                               0D   1608
     126    1933       0       0       0                        01010500D   1609
     126       0       0       2       0                               0D   1610
     124    1935       0       0       0                        00000000D   1611
     124       0       0       3       0                               0D   1612
     100    1938       0       0       0            1611        01010000D   1613
     100       0       0       1       0                               0D   1614
     126    1939       0       0       0                        01010500D   1615
     126       0       0       2       0                               0D   1616
     124    1941       0       0       0                        00000000D   1617
     124       0       0       4       0                               0D   1618
     100    1945       0       0       0            1617        01010000D   1619
     100       0       0       1       0                               0D   1620
     126    1946       0       0       0                        01010500D   1621
     126       0       0       2       0                               0D   1622
     124    1948       0       0       0                        00000000D   1623
     124       0       0       4       0                               0D   1624
     100    1952       0       0       0            1623        01010000D   1625
     100       0       0       1       0                               0D   1626
     126    1953       0       0       0                        01010500D   1627
     126       0       0       2       0                               0D   1628
     124    1955       0       0       0                        00000000D   1629
     124       0       0       3       0                               0D   1630
     100    1958       0       0       0            1629        01010000D   1631
     100       0       0       1       0                               0D   1632
     102    1959       0       0       0                        01010500D   1633
     102       0       0       1       0                               0D   1634
     102    1960       0       0       0                        01010000D   1635
     102       0       0       1       0                               0D   1636
     142    1961       0       0       0                        00010500D   1637
     142       0       0       1       0                               0D   1638
     144    1962       0       0       0                        00000000D   1639
     144       0      -1       1       0                               0D   1640
     110    1963       0       0       0                        01010000D   1641
     110       0       0       1       0                               0D   1642
     110    1964       0       0       0                        01010000D   1643
     110       0       0       1       0                               0D   1644
     120    1965       0       0       0                        01010000D   1645
     120       0       0       1       0                               0D   1646
     126    1966       0       0       0                        01010500D   1647
     126       0       0       2       0                               0D   1648
     110    1968       0       0       0                        01010000D   1649
     110       0       0       1       0                               0D   1650
     126    1969       0       0       0                        01010500D   1651
     126       0       0       2       0                               0D   1652
     124    1971       0       0       0                        00000000D   1653
     124       0       0       4       0                               0D   1654
     100    1975       0       0       0            1653        01010000D   1655
     100       0       0       1       0                               0D   1656
     126    1976       0       0       0                        01010500D   1657
     126       0       0       2       0                               0D   1658
     110    1978       0       0       0                        01010000D   1659
     110       0       0       1       0                               0D   1660
     126    1979       0       0       0                        01010500D   1661
     126       0       0       2       0                               0D   1662
     124    1981       0       0       0                        00000000D   1663
     124       0       0       3       0                               0D   1664
     100    1984       0       0       0            1663        01010000D   1665
     100       0       0       1       0                               0D   1666
     102    1985       0       0       0                        01010500D   1667
     102       0       0       1       0                               0D   1668
     102    1986       0       0       0                        01010000D   1669
     102       0       0       1       0                               0D   1670
     142    1987       0       0       0                        00010500D   1671
     142       0       0       1       0                               0D   1672
     144    1988       0       0       0                        00000000D   1673
     144       0      -1       1       0                               0D   1674
     128    1989       0       0       0                        01010000D   1675
     128       0       0      25       0                               0D   1676
     126    2014       0       0       0                        01010500D   1677
     126       0       0       2       0                               0D   1678
     124    2016       0       0       0                        00000000D   1679
     124       0       0       4       0                               0D   1680
     100    2020       0       0       0            1679        01010000D   1681
     100       0       0       1       0                               0D   1682
     126    2021       0       0       0                        01010500D   1683
     126       0       0       2       0                               0D   1684
     124    2023       0       0       0                        00000000D   1685
     124       0       0       3       0                               0D   1686
     100    2026       0       0       0            1685        01010000D   1687
     100       0       0       1       0                               0D   1688
     126    2027       0       0       0                        01010500D   1689
     126       0       0       2       0                               0D   1690
     124    2029       0       0       0                        00000000D   1691
     124       0       0       3       0                               0D   1692
     100    2032       0       0       0            1691        01010000D   1693
     100       0       0       1       0                               0D   1694
     126    2033       0       0       0                        01010500D   1695
     126       0       0       2       0                               0D   1696
     124    2035       0       0       0                        00000000D   1697
     124       0       0       4       0                               0D   1698
     100    2039       0       0       0            1697        01010000D   1699
     100       0       0       1       0                               0D   1700
     102    2040       0       0       0                        01010500D   1701
     102       0       0       1       0                               0D   1702
     102    2041       0       0       0                        01010000D   1703
     102       0       0       1       0                               0D   1704
     142    2042       0       0       0                        00010500D   1705
     142       0       0       1       0                               0D   1706
     144    2043       0       0       0                        00000000D   1707
     144       0      -1       1       0                               0D   1708
     110    2044       0       0       0                        01010000D   1709
     110       0       0       1       0                               0D   1710
     110    2045       0       0       0                        01010000D   1711
     110       0       0       1       0                               0D   1712
     120    2046       0       0       0                        01010000D   1713
     120       0       0       1       0                               0D   1714
     126    2047       0       0       0                        01010500D   1715
     126       0       0       2       0                               0D   1716
     110    2049       0       0       0                        01010000D   1717
     110       0       0       1       0                               0D   1718
     126    2050       0       0       0                        01010500D   1719
     126       0       0       2       0                               0D   1720
     100    2052       0       0       0                        01010000D   1721
     100       0       0       1       0                               0D   1722
     126    2053       0       0       0                        01010500D   1723
     126       0       0       2       0                               0D   1724
     110    2055       0       0       0                        01010000D   1725
     110       0       0       1       0                               0D   1726
     126    2056       0       0       0                        01010500D   1727
     126       0       0       2       0                               0D   1728
     124    2058       0       0       0                        00000000D   1729
     124       0       0       4       0                               0D   1730
     100    2062       0       0       0            1729        01010000D   1731
     100       0       0       1       0                               0D   1732
     102    2063       0       0       0                        01010500D   1733
     102       0       0       1       0                               0D   1734
     102    2064       0       0       0                        01010000D   1735
     102       0       0       1       0                               0D   1736
     142    2065       0       0       0                        00010500D   1737
     142       0       0       1       0                               0D   1738
     144    2066       0       0       0                        00000000D   1739
     144       0      -1       1       0                               0D   1740
     128    2067       0       0       0                        01010000D   1741
     128       0       0      24       0                               0D   1742
     126    2091       0       0       0                        01010500D   1743
     126       0       0       2       0                               0D   1744
     124    2093       0       0       0                        00000000D   1745
     124       0       0       3       0                               0D   1746
     100    2096       0       0       0            1745        01010000D   1747
     100       0       0       1       0                               0D   1748
     126    2097       0       0       0                        01010500D   1749
     126       0       0       2       0                               0D   1750
     100    2099       0       0       0                        01010000D   1751
     100       0       0       1       0                               0D   1752
     126    2100       0       0       0                        01010500D   1753
     126       0       0       2       0                               0D   1754
     124    2102       0       0       0                        00000000D   1755
     124       0       0       3       0                               0D   1756
     100    2105       0       0       0            1755        01010000D   1757
     100       0       0       1       0                               0D   1758
     126    2106       0       0       0                        01010500D   1759
     126       0       0       2       0                               0D   1760
     124    2108       0       0       0                        00000000D   1761
     124       0       0       3       0                               0D   1762
     100    2111       0       0       0            1761        01010000D   1763
     100       0       0       1       0                               0D   1764
     102    2112       0       0       0                        01010500D   1765
     102       0       0       1       0                               0D   1766
     102    2113       0       0       0                        01010000D   1767
     102       0       0       1       0                               0D   1768
     142    2114       0       0       0                        00010500D   1769
     142       0       0       1       0                               0D   1770
     144    2115       0       0       0                        00000000D   1771
     144       0      -1       1       0                               0D   1772
     110    2116       0       0       0                        01010000D   1773
     110       0       0       1       0                               0D   1774
     110    2117       0       0       0                        01010000D   1775
     110       0       0       1       0                               0D   1776
     120    2118       0       0       0                        01010000D   1777
     120       0       0       1       0                               0D   1778
     126    2119       0       0       0                        01010500D   1779
     126       0       0       2       0                               0D   1780
     110    2121       0       0       0                        01010000D   1781
     110       0       0       1       0                               0D   1782
     126    2122       0       0       0                        01010500D   1783
     126       0       0       2       0                               0D   1784
     124    2124       0       0       0                        00000000D   1785
     124       0       0       3       0                               0D   1786
     100    2127       0       0       0            1785        01010000D   1787
     100       0       0       1       0                               0D   1788
     126    2128       0       0       0                        01010500D   1789
     126       0       0       2       0                               0D   1790
     110    2130       0       0       0                        01010000D   1791
     110       0       0       1       0                               0D   1792
     126    2131       0       0       0                        01010500D   1793
     126       0       0       2       0                               0D   1794
     124    2133       0       0       0                        00000000D   1795
     124       0       0       3       0                               0D   1796
     100    2136       0       0       0            1795        01010000D   1797
     100       0       0       1       0                               0D   1798
     126    2137       0       0       0                        01010500D   1799
     126       0       0       2       0                               0D   1800
     124    2139       0       0       0                        00000000D   1801
     124       0       0       3       0                               0D   1802
     100    2142       0       0       0            1801        01010000D   1803
     100       0       0       1       0                               0D   1804
     102    2143       0       0       0                        01010500D   1805
     102       0       0       1       0                               0D   1806
     102    2144       0       0       0                        01010000D   1807
     102       0       0       1       0                               0D   1808
     142    2145       0       0       0                        00010500D   1809
     142       0       0       1       0                               0D   1810
     144    2146       0       0       0                        00000000D   1811
     144       0      -1       1       0                               0D   1812
     128    2147       0       0       0                        01010000D   1813
     128       0       0      23       0                               0D   1814
     126    2170       0       0       0                        01010500D   1815
     126       0       0       2       0                               0D   1816
     100    2172       0       0       0                        01010000D   1817
     100       0       0       1       0                               0D   1818
     126    2173       0       0       0                        01010500D   1819
     126       0       0       2       0                               0D   1820
     124    2175       0       0       0                        00000000D   1821
     124       0       0       3       0                               0D   1822
     100    2178       0       0       0            1821        01010000D   1823
     100       0       0       1       0                               0D   1824
     126    2179       0       0       0                        01010500D   1825
     126       0       0       2       0                               0D   1826
     124    2181       0       0       0                        00000000D   1827
     124       0       0       3       0                               0D   1828
     100    2184       0       0       0            1827        01010000D   1829
     100       0       0       1       0                               0D   1830
     126    2185       0       0       0                        01010500D   1831
     126       0       0       2       0                               0D   1832
     124    2187       0       0       0                        00000000D   1833
     124       0       0       4       0                               0D   1834
     100    2191       0       0       0            1833        01010000D   1835
     100       0       0       1       0                               0D   1836
     126    2192       0       0       0                        01010500D   1837
     126       0       0       2       0                               0D   1838
     124    2194       0       0       0                        00000000D   1839
     124       0       0       4       0                               0D   1840
     100    2198       0       0       0            1839        01010000D   1841
     100       0       0       1       0                               0D   1842
     126    2199       0       0       0                        01010500D   1843
     126       0       0       2       0                               0D   1844
     124    2201       0       0       0                        00000000D   1845
     124       0       0       4       0                               0D   1846
     100    2205       0       0       0            1845        01010000D   1847
     100       0       0       1       0                               0D   1848
     102    2206       0       0       0                        01010500D   1849
     102       0       0       1       0                               0D   1850
     102    2207       0       0       0                        01010000D   1851
     102       0       0       1       0                               0D   1852
     142    2208       0       0       0                        00010500D   1853
     142       0       0       1       0                               0D   1854
     144    2209       0       0       0                        00000000D   1855
     144       0      -1       1       0                               0D   1856
     110    2210       0       0       0                        01010000D   1857
     110       0       0       1       0                               0D   1858
     110    2211       0       0       0                        01010000D   1859
     110       0       0       1       0                               0D   1860
     120    2212       0       0       0                        01010000D   1861
     120       0       0       1       0                               0D   1862
     126    2213       0       0       0                        01010500D   1863
     126       0       0       2       0                               0D   1864
     110    2215       0       0       0                        01010000D   1865
     110       0       0       1       0                               0D   1866
     126    2216       0       0       0                        01010500D   1867
     126       0       0       2       0                               0D   1868
     124    2218       0       0       0                        00000000D   1869
     124       0       0       3       0                               0D   1870
     100    2221       0       0       0            1869        01010000D   1871
     100       0       0       1       0                               0D   1872
     126    2222       0       0       0                        01010500D   1873
     126       0       0       2       0                               0D   1874
     124    2224       0       0       0                        00000000D   1875
     124       0       0       4       0                               0D   1876
     100    2228       0       0       0            1875        01010000D   1877
     100       0       0       1       0                               0D   1878
     126    2229       0       0       0                        01010500D   1879
     126       0       0       2       0                               0D   1880
     110    2231       0       0       0                        01010000D   1881
     110       0       0       1       0                               0D   1882
     126    2232       0       0       0                        01010500D   1883
     126       0       0       2       0                               0D   1884
     124    2234       0       0       0                        00000000D   1885
     124       0       0       3       0                               0D   1886
     100    2237       0       0       0            1885        01010000D   1887
     100       0       0       1       0                               0D   1888
     102    2238       0       0       0                        01010500D   1889
     102       0       0       1       0                               0D   1890
     102    2239       0       0       0                        01010000D   1891
     102       0       0       1       0                               0D   1892
     142    2240       0       0       0                        00010500D   1893
     142       0       0       1       0                               0D   1894
     144    2241       0       0       0                        00000000D   1895
     144       0      -1       1       0                               0D   1896
     110    2242       0       0       0                        01010000D   1897
     110       0       0       1       0                               0D   1898
     110    2243       0       0       0                        01010000D   1899
     110       0       0       1       0                               0D   1900
     120    2244       0       0       0                        01010000D   1901
     120       0       0       1       0                               0D   1902
     126    2245       0       0       0                        01010500D   1903
     126       0       0       2       0                               0D   1904
     100    2247       0       0       0                        01010000D   1905
     100       0       0       1       0                               0D   1906
     126    2248       0       0       0                        01010500D   1907
     126       0       0       2       0                               0D   1908
     110    2250       0       0       0                        01010000D   1909
     110       0       0       1       0                               0D   1910
     126    2251       0       0       0                        01010500D   1911
     126       0       0       2       0                               0D   1912
     124    2253       0       0       0                        00000000D   1913
     124       0       0       3       0                               0D   1914
     100    2256       0       0       0            1913        01010000D   1915
     100       0       0       1       0                               0D   1916
     126    2257       0       0       0                        01010500D   1917
     126       0       0       2       0                               0D   1918
     110    2259       0       0       0                        01010000D   1919
     110       0       0       1       0                               0D   1920
     102    2260       0       0       0                        01010500D   1921
     102       0       0       1       0                               0D   1922
     102    2261       0       0       0                        01010000D   1923
     102       0       0       1       0                               0D   1924
     142    2262       0       0       0                        00010500D   1925
     142       0       0       1       0                               0D   1926
     144    2263       0       0       0                        00000000D   1927
     144       0      -1       1       0                               0D   1928
     128    2264       0       0       0                        01010000D   1929
     128       0       0      24       0                               0D   1930
     126    2288       0       0       0                        01010500D   1931
     126       0       0       2       0                               0D   1932
     124    2290       0       0       0                        00000000D   1933
     124       0       0       3       0                               0D   1934
     100    2293       0       0       0            1933        01010000D   1935
     100       0       0       1       0                               0D   1936
     126    2294       0       0       0                        01010500D   1937
     126       0       0       2       0                               0D   1938
     124    2296       0       0       0                        00000000D   1939
     124       0       0       3       0                               0D   1940
     100    2299       0       0       0            1939        01010000D   1941
     100       0       0       1       0                               0D   1942
     126    2300       0       0       0                        01010500D   1943
     126       0       0       2       0                               0D   1944
     124    2302       0       0       0                        00000000D   1945
     124       0       0       3       0                               0D   1946
     100    2305       0       0       0            1945        01010000D   1947
     100       0       0       1       0                               0D   1948
     126    2306       0       0       0                        01010500D   1949
     126       0       0       2       0                               0D   1950
     124    2308       0       0       0                        00000000D   1951
     124       0       0       3       0                               0D   1952
     100    2311       0       0       0            1951        01010000D   1953
     100       0       0       1       0                               0D   1954
     102    2312       0       0       0                        01010500D   1955
     102       0       0       1       0                               0D   1956
     102    2313       0       0       0                        01010000D   1957
     102       0       0       1       0                               0D   1958
     142    2314       0       0       0                        00010500D   1959
     142       0       0       1       0                               0D   1960
     144    2315       0       0       0                        00000000D   1961
     144       0      -1       1       0                               0D   1962
     110    2316       0       0       0                        01010000D   1963
     110       0       0       1       0                               0D   1964
     110    2317       0       0       0                        01010000D   1965
     110       0       0       1       0                               0D   1966
     120    2318       0       0       0                        01010000D   1967
     120       0       0       1       0                               0D   1968
     126    2319       0       0       0                        01010500D   1969
     126       0       0       2       0                               0D   1970
     124    2321       0       0       0                        00000000D   1971
     124       0       0       2       0                               0D   1972
     100    2323       0       0       0            1971        01010000D   1973
     100       0       0       1       0                               0D   1974
     126    2324       0       0       0                        01010500D   1975
     126       0       0       2       0                               0D   1976
     110    2326       0       0       0                        01010000D   1977
     110       0       0       1       0                               0D   1978
     126    2327       0       0       0                        01010500D   1979
     126       0       0       2       0                               0D   1980
     124    2329       0       0       0                        00000000D   1981
     124       0       0       2       0                               0D   1982
     100    2331       0       0       0            1981        01010000D   1983
     100       0       0       1       0                               0D   1984
     126    2332       0       0       0                        01010500D   1985
     126       0       0       2       0                               0D   1986
     110    2334       0       0       0                        01010000D   1987
     110       0       0       1       0                               0D   1988
     102    2335       0       0       0                        01010500D   1989
     102       0       0       1       0                               0D   1990
     102    2336       0       0       0                        01010000D   1991
     102       0       0       1       0                               0D   1992
     142    2337       0       0       0                        00010500D   1993
     142       0       0       1       0                               0D   1994
     144    2338       0       0       0                        00000000D   1995
     144       0      -1       1       0                               0D   1996
     128    2339       0       0       0                        01010000D   1997
     128       0       0      25       0                               0D   1998
     126    2364       0       0       0                        01010500D   1999
     126       0       0       2       0                               0D   2000
     124    2366       0       0       0                        00000000D   2001
     124       0       0       4       0                               0D   2002
     100    2370       0       0       0            2001        01010000D   2003
     100       0       0       1       0                               0D   2004
     126    2371       0       0       0                        01010500D   2005
     126       0       0       2       0                               0D   2006
     124    2373       0       0       0                        00000000D   2007
     124       0       0       2       0                               0D   2008
     100    2375       0       0       0            2007        01010000D   2009
     100       0       0       1       0                               0D   2010
     126    2376       0       0       0                        01010500D   2011
     126       0       0       2       0                               0D   2012
     124    2378       0       0       0                        00000000D   2013
     124       0       0       3       0                               0D   2014
     100    2381       0       0       0            2013        01010000D   2015
     100       0       0       1       0                               0D   2016
     126    2382       0       0       0                        01010500D   2017
     126       0       0       2       0                               0D   2018
     124    2384       0       0       0                        00000000D   2019
     124       0       0       3       0                               0D   2020
     100    2387       0       0       0            2019        01010000D   2021
     100       0       0       1       0                               0D   2022
     102    2388       0       0       0                        01010500D   2023
     102       0       0       1       0                               0D   2024
     102    2389       0       0       0                        01010000D   2025
     102       0       0       1       0                               0D   2026
     142    2390       0       0       0                        00010500D   2027
     142       0       0       1       0                               0D   2028
     144    2391       0       0       0                        00000000D   2029
     144       0      -1       1       0                               0D   2030
     110    2392       0       0       0                        01010000D   2031
     110       0       0       1       0                               0D   2032
     110    2393       0       0       0                        01010000D   2033
     110       0       0       1       0                               0D   2034
     120    2394       0       0       0                        01010000D   2035
     120       0       0       1       0                               0D   2036
     126    2395       0       0       0                        01010500D   2037
     126       0       0       2       0                               0D   2038
     124    2397       0       0       0                        00000000D   2039
     124       0       0       2       0                               0D   2040
     100    2399       0       0       0            2039        01010000D   2041
     100       0       0       1       0                               0D   2042
     126    2400       0       0       0                        01010500D   2043
     126       0       0       2       0                               0D   2044
     124    2402       0       0       0                        00000000D   2045
     124       0       0       3       0                               0D   2046
     100    2405       0       0       0            2045        01010000D   2047
     100       0       0       1       0                               0D   2048
     126    2406       0       0       0                        01010500D   2049
     126       0       0       2       0                               0D   2050
     110    2408       0       0       0                        01010000D   2051
     110       0       0       1       0                               0D   2052
     126    2409       0       0       0                        01010500D   2053
     126       0       0       2       0                               0D   2054
     100    2411       0       0       0                        01010000D   2055
     100       0       0       1       0                               0D   2056
     126    2412       0       0       0                        01010500D   2057
     126       0       0       2       0                               0D   2058
     110    2414       0       0       0                        01010000D   2059
     110       0       0       1       0                               0D   2060
     102    2415       0       0       0                        01010500D   2061
     102       0       0       1       0                               0D   2062
     102    2416       0       0       0                        01010000D   2063
     102       0       0       1       0                               0D   2064
     142    2417       0       0       0                        00010500D   2065
     142       0       0       1       0                               0D   2066
     144    2418       0       0       0                        00000000D   2067
     144       0      -1       1       0                               0D   2068
     128    2419       0       0       0                        01010000D   2069
     128       0       0      24       0                               0D   2070
     126    2443       0       0       0                        01010500D   2071
     126       0       0       2       0                               0D   2072
     124    2445       0       0       0                        00000000D   2073
     124       0       0       3       0                               0D   2074
     100    2448       0       0       0            2073        01010000D   2075
     100       0       0       1       0                               0D   2076
     126    2449       0       0       0                        01010500D   2077
     126       0       0       2       0                               0D   2078
     124    2451       0       0       0                        00000000D   2079
     124       0       0       3       0                               0D   2080
     100    2454       0       0       0            2079        01010000D   2081
     100       0       0       1       0                               0D   2082
     126    2455       0       0       0                        01010500D   2083
     126       0       0       2       0                               0D   2084
     100    2457       0       0       0                        01010000D   2085
     100       0       0       1       0                               0D   2086
     126    2458       0       0       0                        01010500D   2087
     126       0       0       2       0                               0D   2088
     100    2460       0       0       0                        01010000D   2089
     100       0       0       1       0                               0D   2090
     126    2461       0       0       0                        01010500D   2091
     126       0       0       2       0                               0D   2092
     124    2463       0       0       0                        00000000D   2093
     124       0       0       3       0                               0D   2094
     100    2466       0       0       0            2093        01010000D   2095
     100       0       0       1       0                               0D   2096
     102    2467       0       0       0                        01010500D   2097
     102       0       0       1       0                               0D   2098
     102    2468       0       0       0                        01010000D   2099
     102       0       0       1       0                               0D   2100
     142    2469       0       0       0                        00010500D   2101
     142       0       0       1       0                               0D   2102
     144    2470       0       0       0                        00000000D   2103
     144       0      -1       1       0                               0D   2104
     110    2471       0       0       0                        01010000D   2105
     110       0       0       1       0                               0D   2106
     110    2472       0       0       0                        01010000D   2107
     110       0       0       1       0                               0D   2108
     120    2473       0       0       0                        01010000D   2109
     120       0       0       1       0                               0D   2110
     126    2474       0       0       0                        01010500D   2111
     126       0       0       2       0                               0D   2112
     124    2476       0       0       0                        00000000D   2113
     124       0       0       3       0                               0D   2114
     100    2479       0       0       0            2113        01010000D   2115
     100       0       0       1       0                               0D   2116
     126    2480       0       0       0                        01010500D   2117
     126       0       0       2       0                               0D   2118
     110    2482       0       0       0                        01010000D   2119
     110       0       0       1       0                               0D   2120
     126    2483       0       0       0                        01010500D   2121
     126       0       0       2       0                               0D   2122
     124    2485       0       0       0                        00000000D   2123
     124       0       0       4       0                               0D   2124
     100    2489       0       0       0            2123        01010000D   2125
     100       0       0       1       0                               0D   2126
     126    2490       0       0       0                        01010500D   2127
     126       0       0       2       0                               0D   2128
     110    2492       0       0       0                        01010000D   2129
     110       0       0       1       0                               0D   2130
     102    2493       0       0       0                        01010500D   2131
     102       0       0       1       0                               0D   2132
     102    2494       0       0       0                        01010000D   2133
     102       0       0       1       0                               0D   2134
     142    2495       0       0       0                        00010500D   2135
     142       0       0       1       0                               0D   2136
     144    2496       0       0       0                        00000000D   2137
     144       0      -1       1       0                               0D   2138
     128    2497       0       0       0                        01010000D   2139
     128       0       0      24       0                               0D   2140
     126    2521       0       0       0                        01010500D   2141
     126       0       0       2       0                               0D   2142
     100    2523       0       0       0                        01010000D   2143
     100       0       0       1       0                               0D   2144
     126    2524       0       0       0                        01010500D   2145
     126       0       0       2       0                               0D   2146
     100    2526       0       0       0                        01010000D   2147
     100       0       0       1       0                               0D   2148
     126    2527       0       0       0                        01010500D   2149
     126       0       0       2       0                               0D   2150
     124    2529       0       0       0                        00000000D   2151
     124       0       0       3       0                               0D   2152
     100    2532       0       0       0            2151        01010000D   2153
     100       0       0       1       0                               0D   2154
     126    2533       0       0       0                        01010500D   2155
     126       0       0       2       0                               0D   2156
     124    2535       0       0       0                        00000000D   2157
     124       0       0       3       0                               0D   2158
     100    2538       0       0       0            2157        01010000D   2159
     100       0       0       1       0                               0D   2160
     126    2539       0       0       0                        01010500D   2161
     126       0       0       2       0                               0D   2162
     124    2541       0       0       0                        00000000D   2163
     124       0       0       3       0                               0D   2164
     100    2544       0       0       0            2163        01010000D   2165
     100       0       0       1       0                               0D   2166
     102    2545       0       0       0                        01010500D   2167
     102       0       0       1       0                               0D   2168
     102    2546       0       0       0                        01010000D   2169
     102       0       0       1       0                               0D   2170
     142    2547       0       0       0                        00010500D   2171
     142       0       0       1       0                               0D   2172
     144    2548       0       0       0                        00000000D   2173
     144       0      -1       1       0                               0D   2174
     110    2549       0       0       0                        01010000D   2175
     110       0       0       1       0                               0D   2176
     110    2550       0       0       0                        01010000D   2177
     110       0       0       1       0                               0D   2178
     120    2551       0       0       0                        01010000D   2179
     120       0       0       1       0                               0D   2180
     126    2552       0       0       0                        01010500D   2181
     126       0       0       2       0                               0D   2182
     100    2554       0       0       0                        01010000D   2183
     100       0       0       1       0                               0D   2184
     126    2555       0       0       0                        01010500D   2185
     126       0       0       2       0                               0D   2186
     110    2557       0       0       0                        01010000D   2187
     110       0       0       1       0                               0D   2188
     126    2558       0       0       0                        01010500D   2189
     126       0       0       2       0                               0D   2190
     124    2560       0       0       0                        00000000D   2191
     124       0       0       4       0                               0D   2192
     100    2564       0       0       0            2191        01010000D   2193
     100       0       0       1       0                               0D   2194
     126    2565       0       0       0                        01010500D   2195
     126       0       0       2       0                               0D   2196
     124    2567       0       0       0                        00000000D   2197
     124       0       0       3       0                               0D   2198
     100    2570       0       0       0            2197        01010000D   2199
     100       0       0       1       0                               0D   2200
     126    2571       0       0       0                        01010500D   2201
     126       0       0       2       0                               0D   2202
     110    2573       0       0       0                        01010000D   2203
     110       0       0       1       0                               0D   2204
     102    2574       0       0       0                        01010500D   2205
     102       0       0       1       0                               0D   2206
     102    2575       0       0       0                        01010000D   2207
     102       0       0       1       0                               0D   2208
     142    2576       0       0       0                        00010500D   2209
     142       0       0       1       0                               0D   2210
     144    2577       0       0       0                        00000000D   2211
     144       0      -1       1       0                               0D   2212
     128    2578       0       0       0                        01010000D   2213
     128       0       0      25       0                               0D   2214
     126    2603       0       0       0                        01010500D   2215
     126       0       0       2       0                               0D   2216
     124    2605       0       0       0                        00000000D   2217
     124       0       0       2       0                               0D   2218
     100    2607       0       0       0            2217        01010000D   2219
     100       0       0       1       0                               0D   2220
     126    2608       0       0       0                        01010500D   2221
     126       0       0       2       0                               0D   2222
     124    2610       0       0       0                        00000000D   2223
     124       0       0       3       0                               0D   2224
     100    2613       0       0       0            2223        01010000D   2225
     100       0       0       1       0                               0D   2226
     126    2614       0       0       0                        01010500D   2227
     126       0       0       2       0                               0D   2228
     124    2616       0       0       0                        00000000D   2229
     124       0       0       4       0                               0D   2230
     100    2620       0       0       0            2229        01010000D   2231
     100       0       0       1       0                               0D   2232
     126    2621       0       0       0                        01010500D   2233
     126       0       0       2       0                               0D   2234
     124    2623       0       0       0                        00000000D   2235
     124       0       0       4       0                               0D   2236
     100    2627       0       0       0            2235        01010000D   2237
     100       0       0       1       0                               0D   2238
     102    2628       0       0       0                        01010500D   2239
     102       0       0       1       0                               0D   2240
     102    2629       0       0       0                        01010000D   2241
     102       0       0       1       0                               0D   2242
     142    2630       0       0       0                        00010500D   2243
     142       0       0       1       0                               0D   2244
     144    2631       0       0       0                        00000000D   2245
     144       0      -1       1       0                               0D   2246
     110    2632       0       0       0                        01010000D   2247
     110       0       0       1       0                               0D   2248
     110    2633       0       0       0                        01010000D   2249
     110       0       0       1       0                               0D   2250
     120    2634       0       0       0                        01010000D   2251
     120       0       0       1       0                               0D   2252
     126    2635       0       0       0                        01010500D   2253
     126       0       0       2       0                               0D   2254
     124    2637       0       0       0                        00000000D   2255
     124       0       0       2       0                               0D   2256
     100    2639       0       0       0            2255        01010000D   2257
     100       0       0       1       0                               0D   2258
     126    2640       0       0       0                        01010500D   2259
     126       0       0       2       0                               0D   2260
     110    2642       0       0       0                        01010000D   2261
     110       0       0       1       0                               0D   2262
     126    2643       0       0       0                        01010500D   2263
     126       0       0       2       0                               0D   2264
     124    2645       0       0       0                        00000000D   2265
     124       0       0       2       0                               0D   2266
     100    2647       0       0       0            2265        01010000D   2267
     100       0       0       1       0                               0D   2268
     126    2648       0       0       0                        01010500D   2269
     126       0       0       2       0                               0D   2270
     110    2650       0       0       0                        01010000D   2271
     110       0       0       1       0                               0D   2272
     102    2651       0       0       0                        01010500D   2273
     102       0       0       1       0                               0D   2274
     102    2652       0       0       0                        01010000D   2275
     102       0       0       1       0                               0D   2276
     142    2653       0       0       0                        00010500D   2277
     142       0       0       1       0                               0D   2278
     144    2654       0       0       0                        00000000D   2279
     144       0      -1       1       0                               0D   2280
     128    2655       0       0       0                        01010000D   2281
     128       0       0      25       0                               0D   2282
     126    2680       0       0       0                        01010500D   2283
     126       0       0       2       0                               0D   2284
     124    2682       0       0       0                        00000000D   2285
     124       0       0       4       0                               0D   2286
     100    2686       0       0       0            2285        01010000D   2287
     100       0       0       1       0                               0D   2288
     126    2687       0       0       0                        01010500D   2289
     126       0       0       2       0                               0D   2290
     124    2689       0       0       0                        00000000D   2291
     124       0       0       4       0                               0D   2292
     100    2693       0       0       0            2291        01010000D   2293
     100       0       0       1       0                               0D   2294
     126    2694       0       0       0                        01010500D   2295
     126       0       0       2       0                               0D   2296
     124    2696       0       0       0                        00000000D   2297
     124       0       0       2       0                               0D   2298
     100    2698       0       0       0            2297        01010000D   2299
     100       0       0       1       0                               0D   2300
     126    2699       0       0       0                        01010500D   2301
     126       0       0       2       0                               0D   2302
     124    2701       0       0       0                        00000000D   2303
     124       0       0       3       0                               0D   2304
     100    2704       0       0       0            2303        01010000D   2305
     100       0       0       1       0                               0D   2306
     102    2705       0       0       0                        01010500D   2307
     102       0       0       1       0                               0D   2308
     102    2706       0       0       0                        01010000D   2309
     102       0       0       1       0                               0D   2310
     142    2707       0       0       0                        00010500D   2311
     142       0       0       1       0                               0D   2312
     144    2708       0       0       0                        00000000D   2313
     144       0      -1       1       0                               0D   2314
     110    2709       0       0       0                        01010000D   2315
     110       0       0       1       0                               0D   2316
     110    2710       0       0       0                        01010000D   2317
     110       0       0       1       0                               0D   2318
     120    2711       0       0       0                        01010000D   2319
     120       0       0       1       0                               0D   2320
     126    2712       0       0       0                        01010500D   2321
     126       0       0       2       0                               0D   2322
     124    2714       0       0       0                        00000000D   2323
     124       0       0       4       0                               0D   2324
     100    2718       0       0       0            2323        01010000D   2325
     100       0       0       1       0                               0D   2326
     126    2719       0       0       0                        01010500D   2327
     126       0       0       2       0                               0D   2328
     110    2721       0       0       0                        01010000D   2329
     110       0       0       1       0                               0D   2330
     126    2722       0       0       0                        01010500D   2331
     126       0       0       2       0                               0D   2332
     100    2724       0       0       0                        01010000D   2333
     100       0       0       1       0                               0D   2334
     126    2725       0       0       0                        01010500D   2335
     126       0       0       2       0                               0D   2336
     110    2727       0       0       0                        01010000D   2337
     110       0       0       1       0                               0D   2338
     102    2728       0       0       0                        01010500D   2339
     102       0       0       1       0                               0D   2340
     102    2729       0       0       0                        01010000D   2341
     102       0       0       1       0                               0D   2342
     142    2730       0       0       0                        00010500D   2343
     142       0       0       1       0                               0D   2344
     144    2731       0       0       0                        00000000D   2345
     144       0      -1       1       0                               0D   2346
     128    2732       0       0       0                        01010000D   2347
     128       0       0      24       0                               0D   2348
     126    2756       0       0       0                        01010500D   2349
     126       0       0       2       0                               0D   2350
     124    2758       0       0       0                        00000000D   2351
     124       0       0       2       0                               0D   2352
     100    2760       0       0       0            2351        01010000D   2353
     100       0       0       1       0                               0D   2354
     126    2761       0       0       0                        01010500D   2355
     126       0       0       2       0                               0D   2356
     124    2763       0       0       0                        00000000D   2357
     124       0       0       3       0                               0D   2358
     100    2766       0       0       0            2357        01010000D   2359
     100       0       0       1       0                               0D   2360
     126    2767       0       0       0                        01010500D   2361
     126       0       0       2       0                               0D   2362
     100    2769       0       0       0                        01010000D   2363
     100       0       0       1       0                               0D   2364
     126    2770       0       0       0                        01010500D   2365
     126       0       0       2       0                               0D   2366
     124    2772       0       0       0                        00000000D   2367
     124       0       0       3       0                               0D   2368
     100    2775       0       0       0            2367        01010000D   2369
     100       0       0       1       0                               0D   2370
     102    2776       0       0       0                        01010500D   2371
     102       0       0       1       0                               0D   2372
     102    2777       0       0       0                        01010000D   2373
     102       0       0       1       0                               0D   2374
     142    2778       0       0       0                        00010500D   2375
     142       0       0       1       0                               0D   2376
     144    2779       0       0       0                        00000000D   2377
     144       0      -1       1       0                               0D   2378
     110    2780       0       0       0                        01010000D   2379
     110       0       0       1       0                               0D   2380
     110    2781       0       0       0                        01010000D   2381
     110       0       0       1       0                               0D   2382
     120    2782       0       0       0                        01010000D   2383
     120       0       0       1       0                               0D   2384
     126    2783       0       0       0                        01010500D   2385
     126       0       0       2       0                               0D   2386
     124    2785       0       0       0                        00000000D   2387
     124       0       0       2       0                               0D   2388
     100    2787       0       0       0            2387        01010000D   2389
     100       0       0       1       0                               0D   2390
     126    2788       0       0       0                        01010500D   2391
     126       0       0       2       0                               0D   2392
     124    2790       0       0       0                        00000000D   2393
     124       0       0       3       0                               0D   2394
     100    2793       0       0       0            2393        01010000D   2395
     100       0       0       1       0                               0D   2396
     126    2794       0       0       0                        01010500D   2397
     126       0       0       2       0                               0D   2398
     110    2796       0       0       0                        01010000D   2399
     110       0       0       1       0                               0D   2400
     126    2797       0       0       0                        01010500D   2401
     126       0       0       2       0                               0D   2402
     124    2799       0       0       0                        00000000D   2403
     124       0       0       2       0                               0D   2404
     100    2801       0       0       0            2403        01010000D   2405
     100       0       0       1       0                               0D   2406
     126    2802       0       0       0                        01010500D   2407
     126       0       0       2       0                               0D   2408
     110    2804       0       0       0                        01010000D   2409
     110       0       0       1       0                               0D   2410
     102    2805       0       0       0                        01010500D   2411
     102       0       0       1       0                               0D   2412
     102    2806       0       0       0                        01010000D   2413
     102       0       0       1       0                               0D   2414
     142    2807       0       0       0                        00010500D   2415
     142       0       0       1       0                               0D   2416
     144    2808       0       0       0                        00000000D   2417
     144       0      -1       1       0                               0D   2418
     128    2809       0       0       0                        01010000D   2419
     128       0       0      23       0                               0D   2420
     126    2832       0       0       0                        01010500D   2421
     126       0       0       2       0                               0D   2422
     124    2834       0       0       0                        00000000D   2423
     124       0       0       4       0                               0D   2424
     100    2838       0       0       0            2423        01010000D   2425
     100       0       0       1       0                               0D   2426
     126    2839       0       0       0                        01010500D   2427
     126       0       0       2       0                               0D   2428
     124    2841       0       0       0                        00000000D   2429
     124       0       0       3       0                               0D   2430
     100    2844       0       0       0            2429        01010000D   2431
     100       0       0       1       0                               0D   2432
     126    2845       0       0       0                        01010500D   2433
     126       0       0       2       0                               0D   2434
     100    2847       0       0       0                        01010000D   2435
     100       0       0       1       0                               0D   2436
     126    2848       0       0       0                        01010500D   2437
     126       0       0       2       0                               0D   2438
     124    2850       0       0       0                        00000000D   2439
     124       0       0       4       0                               0D   2440
     100    2854       0       0       0            2439        01010000D   2441
     100       0       0       1       0                               0D   2442
     126    2855       0       0       0                        01010500D   2443
     126       0       0       2       0                               0D   2444
     124    2857       0       0       0                        00000000D   2445
     124       0       0       2       0                               0D   2446
     100    2859       0       0       0            2445        01010000D   2447
     100       0       0       1       0                               0D   2448
     126    2860       0       0       0                        01010500D   2449
     126       0       0       2       0                               0D   2450
     124    2862       0       0       0                        00000000D   2451
     124       0       0       4       0                               0D   2452
     100    2866       0       0       0            2451        01010000D   2453
     100       0       0       1       0                               0D   2454
     102    2867       0       0       0                        01010500D   2455
     102       0       0       1       0                               0D   2456
     102    2868       0       0       0                        01010000D   2457
     102       0       0       1       0                               0D   2458
     142    2869       0       0       0                        00010500D   2459
     142       0       0       1       0                               0D   2460
     144    2870       0       0       0                        00000000D   2461
     144       0      -1       1       0                               0D   2462
     110    2871       0       0       0                        01010000D   2463
     110       0       0       1       0                               0D   2464
     110    2872       0       0       0                        01010000D   2465
     110       0       0       1       0                               0D   2466
     120    2873       0       0       0                        01010000D   2467
     120       0       0       1       0                               0D   2468
     126    2874       0       0       0                        01010500D   2469
     126       0       0       2       0                               0D   2470
     124    2876       0       0       0                        00000000D   2471
     124       0       0       3       0                               0D   2472
     100    2879       0       0       0            2471        01010000D   2473
     100       0       0       1       0                               0D   2474
     126    2880       0       0       0                        01010500D   2475
     126       0       0       2       0                               0D   2476
     110    2882       0       0       0                        01010000D   2477
     110       0       0       1       0                               0D   2478
     126    2883       0       0       0                        01010500D   2479
     126       0       0       2       0                               0D   2480
     124    2885       0       0       0                        00000000D   2481
     124       0       0       4       0                               0D   2482
     100    2889       0       0       0            2481        01010000D   2483
     100       0       0       1       0                               0D   2484
     126    2890       0       0       0                        01010500D   2485
     126       0       0       2       0                               0D   2486
     124    2892       0       0       0                        00000000D   2487
     124       0       0       4       0                               0D   2488
     100    2896       0       0       0            2487        01010000D   2489
     100       0       0       1       0                               0D   2490
     126    2897       0       0       0                        01010500D   2491
     126       0       0       2       0                               0D   2492
     110    2899       0       0       0                        01010000D   2493
     110       0       0       1       0                               0D   2494
     102    2900       0       0       0                        01010500D   2495
     102       0       0       1       0                               0D   2496
     102    2901       0       0       0                        01010000D   2497
     102       0       0       1       0                               0D   2498
     142    2902       0       0       0                        00010500D   2499
     142       0       0       1       0                               0D   2500
     144    2903       0       0       0                        00000000D   2501
     144       0      -1       1       0                               0D   2502
     128    2904       0       0       0                        01010000D   2503
     128       0       0      29       0                               0D   2504
     126    2933       0       0       0                        01010500D   2505
     126       0       0       2       0                               0D   2506
     110    2935       0       0       0                        01010000D   2507
     110       0       0       1       0                               0D   2508
     126    2936       0       0       0                        01010500D   2509
     126       0       0       2       0                               0D   2510
     126    2938       0       0       0                        01010000D   2511
     126       0       0      15       0                               0D   2512
     126    2953       0       0       0                        01010500D   2513
     126       0       0       2       0                               0D   2514
     110    2955       0       0       0                        01010000D   2515
     110       0       0       1       0                               0D   2516
     126    2956       0       0       0                        01010500D   2517
     126       0       0       2       0                               0D   2518
     126    2958       0       0       0                        01010000D   2519
     126       0       0       9       0                               0D   2520
     102    2967       0       0       0                        01010500D   2521
     102       0       0       1       0                               0D   2522
     102    2968       0       0       0                        01010000D   2523
     102       0       0       1       0                               0D   2524
     142    2969       0       0       0                        00010500D   2525
     142       0       0       1       0                               0D   2526
     144    2970       0       0       1                        00000000D   2527
     144       0      -1       1       0                               0D   2528
     128    2971       0       0       0                        01010000D   2529
     128       0       0      29       0                               0D   2530
     126    3000       0       0       0                        01010500D   2531
     126       0       0       2       0                               0D   2532
     126    3002       0       0       0                        01010000D   2533
     126       0       0      15       0                               0D   2534
     126    3017       0       0       0                        01010500D   2535
     126       0       0       2       0                               0D   2536
     110    3019       0       0       0                        01010000D   2537
     110       0       0       1       0                               0D   2538
     126    3020       0       0       0                        01010500D   2539
     126       0       0       2       0                               0D   2540
     126    3022       0       0       0                        01010000D   2541
     126       0       0       9       0                               0D   2542
     126    3031       0       0       0                        01010500D   2543
     126       0       0       2       0                               0D   2544
     110    3033       0       0       0                        01010000D   2545
     110       0       0       1       0                               0D   2546
     102    3034       0       0       0                        01010500D   2547
     102       0       0       1       0                               0D   2548
     102    3035       0       0       0                        01010000D   2549
     102       0       0       1       0                               0D   2550
     142    3036       0       0       0                        00010500D   2551
     142       0       0       1       0                               0D   2552
     144    3037       0       0       1                        00000000D   2553
     144       0      -1       1       0                               0D   2554
     128    3038       0       0       0                        01010000D   2555
     128       0       0       4       0                               0D   2556
     126    3042       0       0       0                        01010500D   2557
     126       0       0      22       0                               0D   2558
     126    3064       0       0       0                        01010000D   2559
     126       0       0       9       0                               0D   2560
     126    3073       0       0       0                        01010500D   2561
     126       0       0      22       0                               0D   2562
     126    3095       0       0       0                        01010000D   2563
     126       0       0       9       0                               0D   2564
     102    3104       0       0       0                        01010500D   2565
     102       0       0       1       0                               0D   2566
     102    3105       0       0       0                        01010000D   2567
     102       0       0       1       0                               0D   2568
     142    3106       0       0       0                        00010500D   2569
     142       0       0       1       0                               0D   2570
     144    3107       0       0       1                        00000000D   2571
     144       0      -1       1       0                               0D   2572
     128    3108       0       0       0                        01010000D   2573
     128       0       0       4       0                               0D   2574
     126    3112       0       0       0                        01010500D   2575
     126       0       0      22       0                               0D   2576
     126    3134       0       0       0                        01010000D   2577
     126       0       0      15       0                               0D   2578
     126    3149       0       0       0                        01010500D   2579
     126       0       0      22       0                               0D   2580
     126    3171       0       0       0                        01010000D   2581
     126       0       0      15       0                               0D   2582
     102    3186       0       0       0                        01010500D   2583
     102       0       0       1       0                               0D   2584
     102    3187       0       0       0                        01010000D   2585
     102       0       0       1       0                               0D   2586
     142    3188       0       0       0                        00010500D   2587
     142       0       0       1       0                               0D   2588
     144    3189       0       0       1                        00000000D   2589
     144       0      -1       1       0                               0D   2590
314,79.6078431372549,82.3529411764706,94.5098039215686,;               1P      1
128,6,3,3,3,0,0,0,0,0,0.,0.,0.,0.,0.5,0.5,0.5,1.,1.,1.,1.,0.,          3P      2
0.,0.,0.,1.,1.,1.,1.,1.,0.780588314885163,0.780588314885163,1.,        3P      3
0.780588314885163,0.780588314885163,1.,0.804737854124365,              3P      4
0.62816896547524,0.62816896547524,0.804737854124365,                   3P      5
0.62816896547524,0.62816896547524,0.804737854124365,                   3P      6
0.804737854124365,0.62816896547524,0.62816896547524,                   3P      7
0.804737854124365,0.62816896547524,0.62816896547524,                   3P      8
0.804737854124365,1.,0.780588314885163,0.780588314885163,1.,           3P      9
0.780588314885163,0.780588314885163,1.,40.,107.46253124,               3P     10
-0.748750625,40.,107.936743033,3.977549703,40.,104.750030696,          3P     11
7.5,40.,100.,7.5,40.,95.249969304,7.5,40.,92.063256967,                3P     12
3.977549703,40.,92.53746876,-0.748750625,50.229313967,                 3P     13
107.46253124,-0.748750625,50.507100804,107.936743033,                  3P     14
3.977549703,48.640367936,104.750030696,7.5,45.857864376,100.,          3P     15
7.5,43.075360816,95.249969304,7.5,41.208627949,92.063256967,           3P     16
3.977549703,41.486414786,92.53746876,-0.748750625,57.46253124,         3P     17
100.229313967,-0.748750625,57.936743033,100.507100804,                 3P     18
3.977549703,54.750030696,98.640367936,7.5,50.,95.857864376,7.5,        3P     19
45.249969304,93.075360816,7.5,42.063256967,91.208627949,               3P     20
3.977549703,42.53746876,91.486414786,-0.748750625,57.46253124,         3P     21
90.,-0.748750625,57.936743033,90.,3.977549703,54.750030696,90.,        3P     22
7.5,50.,90.,7.5,45.249969304,90.,7.5,42.063256967,90.,                 3P     23
3.977549703,42.53746876,90.,-0.748750625,0.,1.,0.,1.;                  3P     24
126,1,1,1,0,1,0,0.,0.,1.,1.,1.,1.,0.5,0.,0.,0.966992407,0.,0.,         5P     25
0.,1.,0.,0.,1.;                                                        5P     26
124,7.04419501764363E-15,-4.91893509025491E-29,1.,                     7P     27
39.9999999999997,-6.98296267768627E-15,-1.,0.,200.,1.,                 7P     28
-6.98296267768627E-15,-7.04419501764363E-15,-39.9999999999993;         7P     29
100,0.,40.,100.,47.5,100.,40.,107.5;                                   9P     30
126,1,1,1,0,1,0,0.,0.,1.,1.,1.,1.,0.966992407,0.,0.,                  11P     31
0.966992407,1.,0.,0.,1.,0.,0.,1.;                                     11P     32
124,6.12323399573677E-17,1.,-1.23259516440783E-30,-50.,1.,            13P     33
-6.12323399573677E-17,-6.98296267768627E-15,50.,                      13P     34
-6.98296267768627E-15,-8.05012019818134E-31,-1.,                      13P     35
2.53399901690543E-13;                                                 13P     36
100,0.,40.,90.,42.5,90.,40.,92.5;                                     15P     37
126,1,1,1,0,1,0,0.,0.,1.,1.,1.,1.,0.966992407,1.,0.,0.5,1.,0.,        17P     38
0.,1.,0.,0.,1.;                                                       17P     39
124,-1.,1.26531410086671E-15,1.38777878078145E-15,                    19P     40
99.9999999999999,1.38777878078145E-15,-6.12323399573694E-17,1.,       19P     41
89.9999999999999,1.26531410086671E-15,1.,6.12323399573677E-17,        19P     42
-90.0000000000001;                                                    19P     43
100,0.,50.,90.,57.5,90.,50.,97.5;                                     21P     44
126,1,1,1,0,1,0,0.,0.,1.,1.,1.,1.,0.5,1.,0.,0.033007593,1.,0.,        23P     45
0.,1.,0.,0.,1.;                                                       23P     46
124,1.45267580564112E-14,1.,1.38777878078145E-15,                     25P     47
-40.0000000000007,-6.12323399573878E-17,-1.38777878078144E-15,        25P     48
1.,90.0000000000001,1.,-1.45267580564112E-14,                         25P     49
6.12323399573677E-17,-49.9999999999987;                               25P     50
100,0.,50.,90.,57.5,90.,50.,97.5;                                     27P     51
126,1,1,1,0,1,0,0.,0.,1.,1.,1.,1.,0.033007593,1.,0.,                  29P     52
0.033007593,0.,0.,0.,1.,0.,0.,1.;                                     29P     53
100,0.,40.,90.,57.5,90.,40.,107.5;                                    31P     54
126,1,1,1,0,1,0,0.,0.,1.,1.,1.,1.,0.033007593,0.,0.,0.5,0.,0.,        33P     55
0.,1.,0.,0.,1.;                                                       33P     56
124,-4.3133254404635E-31,7.04419501764363E-15,1.,                     35P     57
39.9999999999993,1.,6.12323399573677E-17,0.,60.,                      35P     58
-6.12323399573677E-17,1.,-7.04419501764363E-15,-100.;                 35P     59
100,0.,40.,100.,47.5,100.,40.,107.5;                                  37P     60
102,6,5,11,17,23,29,33;                                               39P     61
102,6,9,15,21,27,31,37;                                               41P     62
142,1,3,39,41,1;                                                      43P     63
144,3,1,0,43;                                                         45P     64
128,6,3,3,3,0,0,0,0,0,0.,0.,0.,0.,0.5,0.5,0.5,1.,1.,1.,1.,0.,         47P     65
0.,0.,0.,1.,1.,1.,1.,1.,0.780588314885163,0.780588314885163,1.,       47P     66
0.780588314885163,0.780588314885163,1.,0.804737854124365,             47P     67
0.62816896547524,0.62816896547524,0.804737854124365,                  47P     68
0.62816896547524,0.62816896547524,0.804737854124365,                  47P     69
0.804737854124365,0.62816896547524,0.62816896547524,                  47P     70
0.804737854124365,0.62816896547524,0.62816896547524,                  47P     71
0.804737854124365,1.,0.780588314885163,0.780588314885163,1.,          47P     72
0.780588314885163,0.780588314885163,1.,-7.46253124,                   47P     73
100.748750625,-10.,-7.936743033,96.022450297,-10.,-4.750030696,       47P     74
92.5,-10.,0.,92.5,-10.,4.750030696,92.5,-10.,7.936743033,             47P     75
96.022450297,-10.,7.46253124,100.748750625,-10.,-7.46253124,          47P     76
100.748750625,0.229313967,-7.936743033,96.022450297,                  47P     77
0.507100804,-4.750030696,92.5,-1.359632064,0.,92.5,                   47P     78
-4.142135624,4.750030696,92.5,-6.924639184,7.936743033,               47P     79
96.022450297,-8.791372051,7.46253124,100.748750625,                   47P     80
-8.513585214,-0.229313967,100.748750625,7.46253124,                   47P     81
-0.507100804,96.022450297,7.936743033,1.359632064,92.5,               47P     82
4.750030696,4.142135624,92.5,0.,6.924639184,92.5,-4.750030696,        47P     83
8.791372051,96.022450297,-7.936743033,8.513585214,                    47P     84
100.748750625,-7.46253124,10.,100.748750625,7.46253124,10.,           47P     85
96.022450297,7.936743033,10.,92.5,4.750030696,10.,92.5,0.,10.,        47P     86
92.5,-4.750030696,10.,96.022450297,-7.936743033,10.,                  47P     87
100.748750625,-7.46253124,0.,1.,0.,1.;                                47P     88
126,1,1,1,0,1,0,0.,0.,1.,1.,1.,1.,0.966992407,0.,0.,                  49P     89
0.966992407,1.,0.,0.,1.,0.,0.,1.;                                     49P     90
124,-1.,6.98296267768627E-15,0.,19.9999999999993,                     51P     91
-4.27583144589696E-31,-6.12323399573677E-17,1.,110.,                  51P     92
6.98296267768627E-15,1.,6.12323399573677E-17,-110.;                   51P     93
100,-10.,10.,100.,12.5,100.,10.,102.5;                                53P     94
126,1,1,1,0,1,0,0.,0.,1.,1.,1.,1.,0.966992407,1.,0.,                  55P     95
0.033007593,1.,0.,0.,1.,0.,0.,1.;                                     55P     96
124,-6.12323399573677E-17,4.27583144589696E-31,-1.,                   57P     97
9.99999999999999,-6.98296267768627E-15,-1.,0.,200.,-1.,               57P     98
6.98296267768627E-15,6.12323399573677E-17,9.99999999999929;           57P     99
100,0.,10.,100.,17.5,100.,2.5,100.;                                   59P    100
126,1,1,1,0,1,0,0.,0.,1.,1.,1.,1.,0.033007593,1.,0.,                  61P    101
0.033007593,0.,0.,0.,1.,0.,0.,1.;                                     61P    102
124,6.12323399573677E-17,-1.,0.,110.,6.12323399573677E-17,            63P    103
3.74939945665464E-33,-1.,90.,1.,6.12323399573677E-17,                 63P    104
6.12323399573677E-17,-20.;                                            63P    105
100,-10.,10.,100.,27.5,100.,10.,117.5;                                65P    106
126,1,1,1,0,1,0,0.,0.,1.,1.,1.,1.,0.033007593,0.,0.,                  67P    107
0.966992407,0.,0.,0.,1.,0.,0.,1.;                                     67P    108
100,-10.,0.,100.,-7.5,100.,7.5,100.;                                  69P    109
102,4,49,55,61,67;                                                    71P    110
102,4,53,59,65,69;                                                    73P    111
142,1,47,71,73,1;                                                     75P    112
144,47,1,0,75;                                                        77P    113
128,6,3,3,3,0,0,0,0,0,0.,0.,0.,0.,0.5,0.5,0.5,1.,1.,1.,1.,0.,         79P    114
0.,0.,0.,1.,1.,1.,1.,1.,0.780588314885163,0.780588314885163,1.,       79P    115
0.780588314885163,0.780588314885163,1.,0.804737854124365,             79P    116
0.62816896547524,0.62816896547524,0.804737854124365,                  79P    117
0.62816896547524,0.62816896547524,0.804737854124365,                  79P    118
0.804737854124365,0.62816896547524,0.62816896547524,                  79P    119
0.804737854124365,0.62816896547524,0.62816896547524,                  79P    120
0.804737854124365,1.,0.780588314885163,0.780588314885163,1.,          79P    121
0.780588314885163,0.780588314885163,1.,10.,100.748750625,             79P    122
-97.46253124,10.,96.022450297,-97.936743033,10.,92.5,                 79P    123
-94.750030696,10.,92.5,-90.,10.,92.5,-85.249969304,10.,               79P    124
96.022450297,-82.063256967,10.,100.748750625,-82.53746876,            79P    125
-0.229313967,100.748750625,-97.46253124,-0.507100804,                 79P    126
96.022450297,-97.936743033,1.359632064,92.5,-94.750030696,            79P    127
4.142135624,92.5,-90.,6.924639184,92.5,-85.249969304,                 79P    128
8.791372051,96.022450297,-82.063256967,8.513585214,                   79P    129
100.748750625,-82.53746876,-7.46253124,100.748750625,                 79P    130
-90.229313967,-7.936743033,96.022450297,-90.507100804,                79P    131
-4.750030696,92.5,-88.640367936,0.,92.5,-85.857864376,                79P    132
4.750030696,92.5,-83.075360816,7.936743033,96.022450297,              79P    133
-81.208627949,7.46253124,100.748750625,-81.486414786,                 79P    134
-7.46253124,100.748750625,-80.,-7.936743033,96.022450297,-80.,        79P    135
-4.750030696,92.5,-80.,0.,92.5,-80.,4.750030696,92.5,-80.,            79P    136
7.936743033,96.022450297,-80.,7.46253124,100.748750625,-80.,0.,       79P    137
1.,0.,1.;                                                             79P    138
126,1,1,1,0,1,0,0.,0.,1.,1.,1.,1.,0.966992407,0.,0.,                  81P    139
0.966992407,1.,0.,0.,1.,0.,0.,1.;                                     81P    140
124,5.61234746308315E-15,-1.,0.,110.,6.12323399573677E-17,            83P    141
3.43657167818377E-31,1.,180.,-1.,-5.61234746308315E-15,               83P    142
6.12323399573677E-17,-69.9999999999994;                               83P    143
100,-80.,10.,100.,12.5,100.,10.,102.5;                                85P    144
126,1,1,1,0,1,0,0.,0.,1.,1.,1.,1.,0.966992407,1.,0.,                  87P    145
0.033007593,1.,0.,0.,1.,0.,0.,1.;                                     87P    146
124,1.,-7.105427357601E-15,0.,7.105427357601E-13,                     89P    147
-7.105427357601E-15,-1.,6.98296267768627E-15,200.000000000001,        89P    148
-4.96169340471387E-29,-6.98296267768627E-15,-1.,                      89P    149
-159.999999999999;                                                    89P    150
100,-80.,0.,100.,7.5,100.,-7.5,100.;                                  91P    151
126,1,1,1,0,1,0,0.,0.,1.,1.,1.,1.,0.033007593,1.,0.,                  93P    152
0.033007593,0.,0.,0.,1.,0.,0.,1.;                                     93P    153
124,-1.,6.98296267768627E-15,0.,19.9999999999993,                     95P    154
-4.27583144589696E-31,-6.12323399573677E-17,-1.,20.,                  95P    155
-6.98296267768627E-15,-1.,6.12323399573677E-17,                       95P    156
20.0000000000001;                                                     95P    157
100,-80.,10.,100.,27.5,100.,10.,117.5;                                97P    158
126,1,1,1,0,1,0,0.,0.,1.,1.,1.,1.,0.033007593,0.,0.,                  99P    159
0.966992407,0.,0.,0.,1.,0.,0.,1.;                                     99P    160
124,-6.12323399573677E-17,4.27583144589696E-31,-1.,-80.,             101P    161
-6.98296267768627E-15,-1.,0.,200.,-1.,6.98296267768627E-15,          101P    162
6.12323399573677E-17,-80.0000000000007;                              101P    163
100,-90.,10.,100.,17.5,100.,2.5,100.;                                103P    164
102,4,81,87,93,99;                                                   105P    165
102,4,85,91,97,103;                                                  107P    166
142,1,79,105,107,1;                                                  109P    167
144,79,1,0,109;                                                      111P    168
128,6,3,3,3,0,0,0,0,0,0.,0.,0.,0.,0.5,0.5,0.5,1.,1.,1.,1.,0.,        113P    169
0.,0.,0.,1.,1.,1.,1.,1.,0.780588314885163,0.780588314885163,1.,      113P    170
0.780588314885163,0.780588314885163,1.,0.804737854124365,            113P    171
0.62816896547524,0.62816896547524,0.804737854124365,                 113P    172
0.62816896547524,0.62816896547524,0.804737854124365,                 113P    173
0.804737854124365,0.62816896547524,0.62816896547524,                 113P    174
0.804737854124365,0.62816896547524,0.62816896547524,                 113P    175
0.804737854124365,1.,0.780588314885163,0.780588314885163,1.,         113P    176
0.780588314885163,0.780588314885163,1.,107.46253124,                 113P    177
100.748750625,-80.,107.936743033,96.022450297,-80.,                  113P    178
104.750030696,92.5,-80.,100.,92.5,-80.,95.249969304,92.5,-80.,       113P    179
92.063256967,96.022450297,-80.,92.53746876,100.748750625,-80.,       113P    180
107.46253124,100.748750625,-90.229313967,107.936743033,              113P    181
96.022450297,-90.507100804,104.750030696,92.5,-88.640367936,         113P    182
100.,92.5,-85.857864376,95.249969304,92.5,-83.075360816,             113P    183
92.063256967,96.022450297,-81.208627949,92.53746876,                 113P    184
100.748750625,-81.486414786,100.229313967,100.748750625,             113P    185
-97.46253124,100.507100804,96.022450297,-97.936743033,               113P    186
98.640367936,92.5,-94.750030696,95.857864376,92.5,-90.,              113P    187
93.075360816,92.5,-85.249969304,91.208627949,96.022450297,           113P    188
-82.063256967,91.486414786,100.748750625,-82.53746876,90.,           113P    189
100.748750625,-97.46253124,90.,96.022450297,-97.936743033,90.,       113P    190
92.5,-94.750030696,90.,92.5,-90.,90.,92.5,-85.249969304,90.,         113P    191
96.022450297,-82.063256967,90.,100.748750625,-82.53746876,0.,        113P    192
1.,0.,1.;                                                            113P    193
126,1,1,1,0,1,0,0.,0.,1.,1.,1.,1.,0.966992407,0.,0.,                 115P    194
0.966992407,1.,0.,0.,1.,0.,0.,1.;                                    115P    195
124,1.,-1.39659253553725E-14,0.,1.40341931954044E-12,                117P    196
8.55166289179392E-31,6.12323399573677E-17,1.,180.,                   117P    197
-1.39659253553725E-14,-1.,6.12323399573677E-17,                      117P    198
20.0000000000013;                                                    117P    199
100,-80.,90.,100.,92.5,100.,90.,102.5;                               119P    200
126,1,1,1,0,1,0,0.,0.,1.,1.,1.,1.,0.966992407,1.,0.,                 121P    201
0.033007593,1.,0.,0.,1.,0.,0.,1.;                                    121P    202
124,-6.12323399573677E-17,4.27583144589696E-31,1.,180.,              123P    203
-6.98296267768627E-15,-1.,0.,200.000000000001,1.,                    123P    204
-6.98296267768627E-15,6.12323399573677E-17,-179.999999999999;        123P    205
100,-90.,90.,100.,97.5,100.,82.5,100.;                               125P    206
126,1,1,1,0,1,0,0.,0.,1.,1.,1.,1.,0.033007593,1.,0.,                 127P    207
0.033007593,0.,0.,0.,1.,0.,0.,1.;                                    127P    208
124,1.40271576953299E-14,1.,0.,-10.0000000000013,                    129P    209
-6.12323399573677E-17,8.58915688636046E-31,-1.,20.,-1.,              129P    210
1.40271576953299E-14,6.12323399573677E-17,9.99999999999859;          129P    211
100,-80.,90.,100.,107.5,100.,90.,117.5;                              131P    212
126,1,1,1,0,1,0,0.,0.,1.,1.,1.,1.,0.033007593,0.,0.,                 133P    213
0.966992407,0.,0.,0.,1.,0.,0.,1.;                                    133P    214
124,1.,-7.105427357601E-15,0.,7.13318293321664E-13,                  135P    215
-7.105427357601E-15,-1.,6.98296267768627E-15,200.000000000001,       135P    216
-4.96169340471387E-29,-6.98296267768627E-15,-1.,                     135P    217
-159.999999999999;                                                   135P    218
100,-80.,100.,100.,107.5,100.,92.5,100.;                             137P    219
102,4,115,121,127,133;                                               139P    220
102,4,119,125,131,137;                                               141P    221
142,1,113,139,141,1;                                                 143P    222
144,113,1,0,143;                                                     145P    223
128,6,3,3,3,0,0,0,0,0,0.,0.,0.,0.,0.5,0.5,0.5,1.,1.,1.,1.,0.,        147P    224
0.,0.,0.,1.,1.,1.,1.,1.,0.780588314885163,0.780588314885163,1.,      147P    225
0.780588314885163,0.780588314885163,1.,0.804737854124365,            147P    226
0.62816896547524,0.62816896547524,0.804737854124365,                 147P    227
0.62816896547524,0.62816896547524,0.804737854124365,                 147P    228
0.804737854124365,0.62816896547524,0.62816896547524,                 147P    229
0.804737854124365,0.62816896547524,0.62816896547524,                 147P    230
0.804737854124365,1.,0.780588314885163,0.780588314885163,1.,         147P    231
0.780588314885163,0.780588314885163,1.,99.251249375,90.,             147P    232
17.46253124,103.977549703,90.,17.936743033,107.5,90.,                147P    233
14.750030696,107.5,90.,10.,107.5,90.,5.249969304,103.977549703,      147P    234
90.,2.063256967,99.251249375,90.,2.53746876,99.251249375,            147P    235
100.229313967,17.46253124,103.977549703,100.507100804,               147P    236
17.936743033,107.5,98.640367936,14.750030696,107.5,                  147P    237
95.857864376,10.,107.5,93.075360816,5.249969304,103.977549703,       147P    238
91.208627949,2.063256967,99.251249375,91.486414786,2.53746876,       147P    239
99.251249375,107.46253124,10.229313967,103.977549703,                147P    240
107.936743033,10.507100804,107.5,104.750030696,8.640367936,          147P    241
107.5,100.,5.857864376,107.5,95.249969304,3.075360816,               147P    242
103.977549703,92.063256967,1.208627949,99.251249375,                 147P    243
92.53746876,1.486414786,99.251249375,107.46253124,0.,                147P    244
103.977549703,107.936743033,0.,107.5,104.750030696,0.,107.5,         147P    245
100.,0.,107.5,95.249969304,0.,103.977549703,92.063256967,0.,         147P    246
99.251249375,92.53746876,0.,0.,1.,0.,1.;                             147P    247
126,1,1,1,0,1,0,0.,0.,1.,1.,1.,1.,0.966992407,0.,0.,                 149P    248
0.966992407,1.,0.,0.,1.,0.,0.,1.;                                    149P    249
124,6.12323399573677E-17,-8.55166289179392E-31,-1.,100.,             151P    250
1.39659253553725E-14,1.,0.,-1.39659253553724E-12,1.,                 151P    251
-1.39659253553725E-14,6.12323399573677E-17,-99.9999999999987;        151P    252
100,0.,100.,90.,102.5,90.,100.,92.5;                                 153P    253
126,1,1,1,0,1,0,0.,0.,1.,1.,1.,1.,0.966992407,1.,0.,0.5,1.,0.,       155P    254
0.,1.,0.,0.,1.;                                                      155P    255
100,0.,100.,100.,100.,92.5,107.5,100.;                               157P    256
126,1,1,1,0,1,0,0.,0.,1.,1.,1.,1.,0.5,1.,0.,0.033007593,1.,0.,       159P    257
0.,1.,0.,0.,1.;                                                      159P    258
100,0.,100.,100.,107.5,100.,100.,107.5;                              161P    259
126,1,1,1,0,1,0,0.,0.,1.,1.,1.,1.,0.033007593,1.,0.,                 163P    260
0.033007593,0.,0.,0.,1.,0.,0.,1.;                                    163P    261
124,3.74939945665464E-33,-6.12323399573677E-17,1.,100.,1.,           165P    262
6.12323399573677E-17,0.,-10.,-6.12323399573677E-17,1.,               165P    263
6.12323399573677E-17,-90.;                                           165P    264
100,0.,100.,90.,117.5,90.,100.,107.5;                                167P    265
126,1,1,1,0,1,0,0.,0.,1.,1.,1.,1.,0.033007593,0.,0.,                 169P    266
0.966992407,0.,0.,0.,1.,0.,0.,1.;                                    169P    267
124,1.40271576953299E-14,1.,0.,9.99999999999861,                     171P    268
7.04419501764363E-15,-9.88100343491444E-29,1.,79.9999999999993,      171P    269
1.,-1.40271576953299E-14,-7.04419501764363E-15,                      171P    270
-89.9999999999987;                                                   171P    271
100,10.,100.,90.,107.5,90.,92.5,90.;                                 173P    272
102,5,149,155,159,163,169;                                           175P    273
102,5,153,157,161,167,173;                                           177P    274
142,1,147,175,177,1;                                                 179P    275
144,147,1,0,179;                                                     181P    276
128,6,3,3,3,0,0,0,0,0,0.,0.,0.,0.,0.5,0.5,0.5,1.,1.,1.,1.,0.,        183P    277
0.,0.,0.,1.,1.,1.,1.,1.,0.780588314885163,0.780588314885163,1.,      183P    278
0.780588314885163,0.780588314885163,1.,0.804737854124365,            183P    279
0.62816896547524,0.62816896547524,0.804737854124365,                 183P    280
0.62816896547524,0.62816896547524,0.804737854124365,                 183P    281
0.804737854124365,0.62816896547524,0.62816896547524,                 183P    282
0.804737854124365,0.62816896547524,0.62816896547524,                 183P    283
0.804737854124365,1.,0.780588314885163,0.780588314885163,1.,         183P    284
0.780588314885163,0.780588314885163,1.,99.251249375,                 183P    285
-7.46253124,0.,103.977549703,-7.936743033,0.,107.5,                  183P    286
-4.750030696,0.,107.5,0.,0.,107.5,4.750030696,0.,103.977549703,      183P    287
7.936743033,0.,99.251249375,7.46253124,0.,99.251249375,              183P    288
-7.46253124,10.229313967,103.977549703,-7.936743033,                 183P    289
10.507100804,107.5,-4.750030696,8.640367936,107.5,0.,                183P    290
5.857864376,107.5,4.750030696,3.075360816,103.977549703,             183P    291
7.936743033,1.208627949,99.251249375,7.46253124,1.486414786,         183P    292
99.251249375,-0.229313967,17.46253124,103.977549703,                 183P    293
-0.507100804,17.936743033,107.5,1.359632064,14.750030696,107.5,      183P    294
4.142135624,10.,107.5,6.924639184,5.249969304,103.977549703,         183P    295
8.791372051,2.063256967,99.251249375,8.513585214,2.53746876,         183P    296
99.251249375,10.,17.46253124,103.977549703,10.,17.936743033,         183P    297
107.5,10.,14.750030696,107.5,10.,10.,107.5,10.,5.249969304,          183P    298
103.977549703,10.,2.063256967,99.251249375,10.,2.53746876,0.,        183P    299
1.,0.,1.;                                                            183P    300
126,1,1,1,0,1,0,0.,0.,1.,1.,1.,1.,0.5,0.,0.,0.966992407,0.,0.,       185P    301
0.,1.,0.,0.,1.;                                                      185P    302
100,0.,100.,0.,107.5,0.,100.,7.5;                                    187P    303
126,1,1,1,0,1,0,0.,0.,1.,1.,1.,1.,0.966992407,0.,0.,                 189P    304
0.966992407,1.,0.,0.,1.,0.,0.,1.;                                    189P    305
124,2.06292773381539E-31,6.12323399573677E-17,-1.,100.,-1.,          191P    306
3.3690166589284E-15,0.,110.,3.3690166589284E-15,1.,                  191P    307
6.12323399573677E-17,-10.0000000000003;                              191P    308
100,0.,100.,10.,102.5,10.,100.,12.5;                                 193P    309
126,1,1,1,0,1,0,0.,0.,1.,1.,1.,1.,0.966992407,1.,0.,                 195P    310
0.033007593,1.,0.,0.,1.,0.,0.,1.;                                    195P    311
124,1.40271576953299E-14,1.,0.,89.9999999999986,                     197P    312
-6.12323399573677E-17,8.58915688636046E-31,-1.,20.,-1.,              197P    313
1.40271576953299E-14,6.12323399573677E-17,110.;                      197P    314
100,10.,100.,10.,107.5,10.,92.5,10.;                                 199P    315
126,1,1,1,0,1,0,0.,0.,1.,1.,1.,1.,0.033007593,1.,0.,                 201P    316
0.033007593,0.,0.,0.,1.,0.,0.,1.;                                    201P    317
124,-6.12323399573677E-17,4.27583144589696E-31,1.,100.,              203P    318
-6.98296267768627E-15,-1.,0.,20.0000000000007,1.,                    203P    319
-6.98296267768627E-15,6.12323399573677E-17,-99.9999999999999;        203P    320
100,0.,100.,10.,117.5,10.,100.,27.5;                                 205P    321
126,1,1,1,0,1,0,0.,0.,1.,1.,1.,1.,0.033007593,0.,0.,0.5,0.,0.,       207P    322
0.,1.,0.,0.,1.;                                                      207P    323
100,0.,100.,0.,100.,-7.5,107.5,0.;                                   209P    324
102,5,185,189,195,201,207;                                           211P    325
102,5,187,193,199,205,209;                                           213P    326
142,1,183,211,213,1;                                                 215P    327
144,183,1,0,215;                                                     217P    328
128,6,3,3,3,0,0,0,0,0,0.,0.,0.,0.,0.5,0.5,0.5,1.,1.,1.,1.,0.,        219P    329
0.,0.,0.,1.,1.,1.,1.,1.,0.780588314885163,0.780588314885163,1.,      219P    330
0.780588314885163,0.780588314885163,1.,0.804737854124364,            219P    331
0.628168965475239,0.628168965475239,0.804737854124364,               219P    332
0.628168965475239,0.628168965475239,0.804737854124364,               219P    333
0.804737854124364,0.628168965475239,0.628168965475239,               219P    334
0.804737854124364,0.628168965475239,0.628168965475239,               219P    335
0.804737854124364,1.,0.780588314885163,0.780588314885163,1.,         219P    336
0.780588314885163,0.780588314885163,1.,90.,-0.748750625,             219P    337
-107.46253124,90.,3.977549703,-107.936743033,90.,7.5,                219P    338
-104.750030696,90.,7.5,-100.,90.,7.5,-95.249969304,90.,              219P    339
3.977549703,-92.063256967,90.,-0.748750625,-92.53746876,             219P    340
100.229313967,-0.748750625,-107.46253124,100.507100804,              219P    341
3.977549703,-107.936743033,98.640367936,7.5,-104.750030696,          219P    342
95.857864376,7.5,-100.,93.075360816,7.5,-95.249969304,               219P    343
91.208627949,3.977549703,-92.063256967,91.486414786,                 219P    344
-0.748750625,-92.53746876,107.46253124,-0.748750625,                 219P    345
-100.229313967,107.936743033,3.977549703,-100.507100804,             219P    346
104.750030696,7.5,-98.640367936,100.,7.5,-95.857864376,              219P    347
95.249969304,7.5,-93.075360816,92.063256967,3.977549703,             219P    348
-91.208627949,92.53746876,-0.748750625,-91.486414786,                219P    349
107.46253124,-0.748750625,-90.,107.936743033,3.977549703,-90.,       219P    350
104.750030696,7.5,-90.,100.,7.5,-90.,95.249969304,7.5,-90.,          219P    351
92.063256967,3.977549703,-90.,92.53746876,-0.748750625,-90.,0.,      219P    352
1.,0.,1.;                                                            219P    353
126,1,1,1,0,1,0,0.,0.,1.,1.,1.,1.,0.966992407,0.,0.,                 221P    354
0.966992407,1.,0.,0.,1.,0.,0.,1.;                                    221P    355
124,8.69808717712915E-15,1.,0.,89.9999999999992,                     223P    356
-6.12323399573677E-17,5.32604231008792E-31,-1.,-90.,-1.,             223P    357
8.69808717712915E-15,6.12323399573677E-17,1.11826393001703E-14;      223P    358
100,-90.,90.,0.,92.5,0.,90.,2.5;                                     225P    359
126,1,1,1,0,1,0,0.,0.,1.,1.,1.,1.,0.966992407,1.,0.,                 227P    360
0.033007593,1.,0.,0.,1.,0.,0.,1.;                                    227P    361
124,-1.,-6.98296267768625E-15,3.70074341541719E-15,200.,             229P    362
-6.98296267768628E-15,1.,-6.98296267768627E-15,                      229P    363
6.98296267768637E-14,-3.70074341541714E-15,                          229P    364
-6.98296267768629E-15,-1.,-180.;                                     229P    365
100,-90.,100.,0.,107.5,0.,92.5,0.;                                   231P    366
126,1,1,1,0,1,0,0.,0.,1.,1.,1.,1.,0.033007593,1.,0.,                 233P    367
0.033007593,0.,0.,0.,1.,0.,0.,1.;                                    233P    368
124,1.,-1.39659253553725E-14,0.,5.94540852760499E-15,                235P    369
8.55166289179392E-31,6.12323399573677E-17,1.,90.,                    235P    370
-1.39659253553725E-14,-1.,6.12323399573677E-17,                      235P    371
-89.9999999999987;                                                   235P    372
100,-90.,90.,0.,107.5,0.,90.,17.5;                                   237P    373
126,1,1,1,0,1,0,0.,0.,1.,1.,1.,1.,0.033007593,0.,0.,                 239P    374
0.966992407,0.,0.,0.,1.,0.,0.,1.;                                    239P    375
124,6.12323399573677E-17,0.,1.,190.,0.,1.,0.,0.,-1.,0.,              241P    376
6.12323399573677E-17,-10.;                                           241P    377
100,-100.,90.,0.,97.5,0.,82.5,0.;                                    243P    378
102,4,221,227,233,239;                                               245P    379
102,4,225,231,237,243;                                               247P    380
142,1,219,245,247,1;                                                 249P    381
144,219,1,0,249;                                                     251P    382
128,6,3,3,3,0,0,0,0,0,0.,0.,0.,0.,0.5,0.5,0.5,1.,1.,1.,1.,0.,        253P    383
0.,0.,0.,1.,1.,1.,1.,1.,0.780588314885163,0.780588314885163,1.,      253P    384
0.780588314885163,0.780588314885163,1.,0.804737854124364,            253P    385
0.628168965475239,0.628168965475239,0.804737854124364,               253P    386
0.628168965475239,0.628168965475239,0.804737854124364,               253P    387
0.804737854124364,0.628168965475239,0.628168965475239,               253P    388
0.804737854124364,0.628168965475239,0.628168965475239,               253P    389
0.804737854124364,1.,0.780588314885163,0.780588314885163,1.,         253P    390
0.780588314885163,0.780588314885163,1.,-7.46253124,                  253P    391
-0.748750625,-90.,-7.936743033,3.977549703,-90.,-4.750030696,        253P    392
7.5,-90.,0.,7.5,-90.,4.750030696,7.5,-90.,7.936743033,               253P    393
3.977549703,-90.,7.46253124,-0.748750625,-90.,-7.46253124,           253P    394
-0.748750625,-100.229313967,-7.936743033,3.977549703,                253P    395
-100.507100804,-4.750030696,7.5,-98.640367936,0.,7.5,                253P    396
-95.857864376,4.750030696,7.5,-93.075360816,7.936743033,             253P    397
3.977549703,-91.208627949,7.46253124,-0.748750625,                   253P    398
-91.486414786,-0.229313967,-0.748750625,-107.46253124,               253P    399
-0.507100804,3.977549703,-107.936743033,1.359632064,7.5,             253P    400
-104.750030696,4.142135624,7.5,-100.,6.924639184,7.5,                253P    401
-95.249969304,8.791372051,3.977549703,-92.063256967,                 253P    402
8.513585214,-0.748750625,-92.53746876,10.,-0.748750625,              253P    403
-107.46253124,10.,3.977549703,-107.936743033,10.,7.5,                253P    404
-104.750030696,10.,7.5,-100.,10.,7.5,-95.249969304,10.,              253P    405
3.977549703,-92.063256967,10.,-0.748750625,-92.53746876,0.,1.,       253P    406
0.,1.;                                                               253P    407
126,1,1,1,0,1,0,0.,0.,1.,1.,1.,1.,0.966992407,0.,0.,                 255P    408
0.966992407,1.,0.,0.,1.,0.,0.,1.;                                    255P    409
124,-1.,-1.22464679914735E-16,0.,20.,7.49879891330929E-33,           257P    410
-6.12323399573677E-17,-1.,-90.,1.22464679914735E-16,-1.,             257P    411
6.12323399573677E-17,-90.;                                           257P    412
100,-90.,10.,0.,12.5,0.,10.,2.5;                                     259P    413
126,1,1,1,0,1,0,0.,0.,1.,1.,1.,1.,0.966992407,1.,0.,                 261P    414
0.033007593,1.,0.,0.,1.,0.,0.,1.;                                    261P    415
124,6.12323399573677E-17,0.,-1.,-90.,0.,1.,0.,0.,1.,0.,              263P    416
6.12323399573677E-17,-110.;                                          263P    417
100,-100.,10.,0.,17.5,0.,2.5,0.;                                     265P    418
126,1,1,1,0,1,0,0.,0.,1.,1.,1.,1.,0.033007593,1.,0.,                 267P    419
0.033007593,0.,0.,0.,1.,0.,0.,1.;                                    267P    420
124,6.12323399573677E-17,-1.,0.,10.,6.12323399573677E-17,            269P    421
3.74939945665464E-33,1.,90.,-1.,-6.12323399573677E-17,               269P    422
6.12323399573677E-17,-80.;                                           269P    423
100,-90.,10.,0.,27.5,0.,10.,17.5;                                    271P    424
126,1,1,1,0,1,0,0.,0.,1.,1.,1.,1.,0.033007593,0.,0.,                 273P    425
0.966992407,0.,0.,0.,1.,0.,0.,1.;                                    273P    426
124,-1.,-7.22789203751574E-15,8.55166289179392E-31,                  275P    427
7.69649660261461E-29,-7.22789203751574E-15,1.,                       275P    428
-6.98296267768627E-15,-6.28466640991764E-13,                         275P    429
4.96169340471388E-29,-6.98296267768627E-15,-1.,-180.;                275P    430
100,-90.,0.,0.,7.5,0.,-7.5,0.;                                       277P    431
102,4,255,261,267,273;                                               279P    432
102,4,259,265,271,277;                                               281P    433
142,1,253,279,281,1;                                                 283P    434
144,253,1,0,283;                                                     285P    435
128,6,3,3,3,0,0,0,0,0,0.,0.,0.,0.,0.5,0.5,0.5,1.,1.,1.,1.,0.,        287P    436
0.,0.,0.,1.,1.,1.,1.,1.,0.780588314885163,0.780588314885163,1.,      287P    437
0.780588314885162,0.780588314885162,1.,0.804737854124365,            287P    438
0.62816896547524,0.62816896547524,0.804737854124365,                 287P    439
0.628168965475239,0.628168965475239,0.804737854124365,               287P    440
0.804737854124365,0.62816896547524,0.62816896547524,                 287P    441
0.804737854124365,0.628168965475239,0.628168965475239,               287P    442
0.804737854124365,1.,0.780588314885163,0.780588314885163,1.,         287P    443
0.780588314885162,0.780588314885162,1.,40.,91.542464595,             287P    444
0.848584041,40.,91.005024562,-4.507889663,40.,94.616631878,          287P    445
-8.5,40.,100.,-8.5,40.,105.383368122,-8.5,40.,108.994975438,         287P    446
-4.507889663,40.,108.457535405,0.848584041,40.90355484,              287P    447
91.542464595,0.848584041,40.588729758,91.005024562,                  287P    448
-4.507889663,42.704360341,94.616631878,-8.5,45.857864376,100.,       287P    449
-8.5,49.011368411,105.383368122,-8.5,51.126998994,                   287P    450
108.994975438,-4.507889663,50.812173912,108.457535405,               287P    451
0.848584041,41.542464595,90.90355484,0.848584041,41.005024562,       287P    452
90.588729758,-4.507889663,44.616631878,92.704360341,-8.5,50.,        287P    453
95.857864376,-8.5,55.383368122,99.011368411,-8.5,58.994975438,       287P    454
101.126998994,-4.507889663,58.457535405,100.812173912,               287P    455
0.848584041,41.542464595,90.,0.848584041,41.005024562,90.,           287P    456
-4.507889663,44.616631878,90.,-8.5,50.,90.,-8.5,55.383368122,        287P    457
90.,-8.5,58.994975438,90.,-4.507889663,58.457535405,90.,             287P    458
0.848584041,0.,1.,0.,1.;                                             287P    459
126,1,1,1,0,1,0,0.,0.,1.,1.,1.,1.,0.5,0.,0.,0.966992407,0.,0.,       289P    460
0.,1.,0.,0.,1.;                                                      289P    461
124,-7.04419501764363E-15,0.,1.,40.0000000000003,0.,1.,0.,0.,        291P    462
-1.,0.,-7.04419501764363E-15,40.;                                    291P    463
100,0.,40.,100.,48.5,100.,40.,108.5;                                 293P    464
126,1,1,1,0,1,0,0.,0.,1.,1.,1.,1.,0.966992407,0.,0.,                 295P    465
0.966992407,1.,0.,0.,1.,0.,0.,1.;                                    295P    466
124,1.70277604645871E-14,1.,-1.04765485741425E-29,                   297P    467
-50.0000000000007,1.,-1.70277604645871E-14,                          297P    468
-6.98296267768627E-15,50.0000000000015,-6.98296267768627E-15,        297P    469
1.08427667234651E-28,-1.,2.51562931491812E-13;                       297P    470
100,0.,40.,90.,58.5,90.,40.,108.5;                                   299P    471
126,1,1,1,0,1,0,0.,0.,1.,1.,1.,1.,0.966992407,1.,0.,0.5,1.,0.,       301P    472
0.,1.,0.,0.,1.;                                                      301P    473
124,1.,-1.5175728305008E-14,1.20980294963545E-15,                    303P    474
1.3636755104554E-12,-1.20980294963545E-15,6.1232339957386E-17,       303P    475
1.,90.0000000000001,-1.5175728305008E-14,-1.,                        303P    476
6.12323399573677E-17,90.0000000000007;                               303P    477
100,0.,50.,90.,58.5,90.,50.,98.5;                                    305P    478
126,1,1,1,0,1,0,0.,0.,1.,1.,1.,1.,0.5,1.,0.,0.033007593,1.,0.,       307P    479
0.,1.,0.,0.,1.;                                                      307P    480
124,4.05741624797134E-16,-1.,1.20980294963545E-15,140.,              309P    481
6.12323399573672E-17,1.20980294963545E-15,1.,89.9999999999999,       309P    482
-1.,-4.05741624797134E-16,6.12323399573677E-17,50.;                  309P    483
100,0.,50.,90.,58.5,90.,50.,98.5;                                    311P    484
126,1,1,1,0,1,0,0.,0.,1.,1.,1.,1.,0.033007593,1.,0.,                 313P    485
0.033007593,0.,0.,0.,1.,0.,0.,1.;                                    313P    486
100,0.,40.,90.,41.5,90.,40.,91.5;                                    315P    487
126,1,1,1,0,1,0,0.,0.,1.,1.,1.,1.,0.033007593,0.,0.,0.5,0.,0.,       317P    488
0.,1.,0.,0.,1.;                                                      317P    489
124,-9.88100343491444E-29,-7.04419501764363E-15,1.,                  319P    490
40.0000000000007,-1.,1.40271576953299E-14,0.,139.999999999999,       319P    491
-1.40271576953299E-14,-1.,-7.04419501764363E-15,                     319P    492
100.000000000001;                                                    319P    493
100,0.,40.,100.,48.5,100.,40.,108.5;                                 321P    494
102,6,289,295,301,307,313,317;                                       323P    495
102,6,293,299,305,311,315,321;                                       325P    496
142,1,287,323,325,1;                                                 327P    497
144,287,1,0,327;                                                     329P    498
128,6,3,3,3,0,0,0,0,0,0.,0.,0.,0.,0.5,0.5,0.5,1.,1.,1.,1.,0.,        331P    499
0.,0.,0.,1.,1.,1.,1.,1.,0.780588314885163,0.780588314885163,1.,      331P    500
0.780588314885162,0.780588314885162,1.,0.804737854124365,            331P    501
0.62816896547524,0.62816896547524,0.804737854124365,                 331P    502
0.62816896547524,0.62816896547524,0.804737854124365,                 331P    503
0.804737854124365,0.62816896547524,0.62816896547524,                 331P    504
0.804737854124365,0.62816896547524,0.62816896547524,                 331P    505
0.804737854124365,1.,0.780588314885163,0.780588314885163,1.,         331P    506
0.780588314885162,0.780588314885162,1.,8.457535405,                  331P    507
99.151415959,-10.,8.994975438,104.507889663,-10.,5.383368122,        331P    508
108.5,-10.,0.,108.5,-10.,-5.383368122,108.5,-10.,-8.994975438,       331P    509
104.507889663,-10.,-8.457535405,99.151415959,-10.,8.457535405,       331P    510
99.151415959,-9.09644516,8.994975438,104.507889663,                  331P    511
-9.411270242,5.383368122,108.5,-7.295639659,0.,108.5,                331P    512
-4.142135624,-5.383368122,108.5,-0.988631589,-8.994975438,           331P    513
104.507889663,1.126998994,-8.457535405,99.151415959,                 331P    514
0.812173912,9.09644516,99.151415959,-8.457535405,9.411270242,        331P    515
104.507889663,-8.994975438,7.295639659,108.5,-5.383368122,           331P    516
4.142135624,108.5,0.,0.988631589,108.5,5.383368122,                  331P    517
-1.126998994,104.507889663,8.994975438,-0.812173912,                 331P    518
99.151415959,8.457535405,10.,99.151415959,-8.457535405,10.,          331P    519
104.507889663,-8.994975438,10.,108.5,-5.383368122,10.,108.5,0.,      331P    520
10.,108.5,5.383368122,10.,104.507889663,8.994975438,10.,             331P    521
99.151415959,8.457535405,0.,1.,0.,1.;                                331P    522
126,1,1,1,0,1,0,0.,0.,1.,1.,1.,1.,0.033007593,0.,0.,                 333P    523
0.966992407,0.,0.,0.,1.,0.,0.,1.;                                    333P    524
100,-10.,0.,100.,8.5,100.,-8.5,100.;                                 335P    525
126,1,1,1,0,1,0,0.,0.,1.,1.,1.,1.,0.966992407,0.,0.,                 337P    526
0.966992407,1.,0.,0.,1.,0.,0.,1.;                                    337P    527
124,-1.,6.98296267768627E-15,0.,19.9999999999993,                    339P    528
-4.27583144589696E-31,-6.12323399573677E-17,1.,110.,                 339P    529
6.98296267768627E-15,1.,6.12323399573677E-17,-110.;                  339P    530
100,-10.,10.,100.,28.5,100.,10.,118.5;                               341P    531
126,1,1,1,0,1,0,0.,0.,1.,1.,1.,1.,0.966992407,1.,0.,                 343P    532
0.033007593,1.,0.,0.,1.,0.,0.,1.;                                    343P    533
124,6.12323399573677E-17,0.,-1.,9.99999999999999,0.,1.,0.,0.,        345P    534
1.,0.,6.12323399573677E-17,-10.;                                     345P    535
100,0.,10.,100.,18.5,100.,1.5,100.;                                  347P    536
126,1,1,1,0,1,0,0.,0.,1.,1.,1.,1.,0.033007593,1.,0.,                 349P    537
0.033007593,0.,0.,0.,1.,0.,0.,1.;                                    349P    538
124,6.12323399573677E-17,-1.,0.,110.,6.12323399573677E-17,           351P    539
3.74939945665464E-33,-1.,90.,1.,6.12323399573677E-17,                351P    540
6.12323399573677E-17,-20.;                                           351P    541
100,-10.,10.,100.,11.5,100.,10.,101.5;                               353P    542
102,4,333,337,343,349;                                               355P    543
102,4,335,341,347,353;                                               357P    544
142,1,331,355,357,1;                                                 359P    545
144,331,1,0,359;                                                     361P    546
128,6,3,3,3,0,0,0,0,0,0.,0.,0.,0.,0.5,0.5,0.5,1.,1.,1.,1.,0.,        363P    547
0.,0.,0.,1.,1.,1.,1.,1.,0.780588314885163,0.780588314885163,1.,      363P    548
0.780588314885163,0.780588314885163,1.,0.804737854124365,            363P    549
0.62816896547524,0.62816896547524,0.804737854124365,                 363P    550
0.62816896547524,0.62816896547524,0.804737854124365,                 363P    551
0.804737854124365,0.62816896547524,0.62816896547524,                 363P    552
0.804737854124365,0.62816896547524,0.62816896547524,                 363P    553
0.804737854124365,1.,0.780588314885163,0.780588314885163,1.,         363P    554
0.780588314885163,0.780588314885163,1.,10.,99.151415959,             363P    555
-81.542464595,10.,104.507889663,-81.005024562,10.,108.5,             363P    556
-84.616631878,10.,108.5,-90.,10.,108.5,-95.383368122,10.,            363P    557
104.507889663,-98.994975438,10.,99.151415959,-98.457535405,          363P    558
9.09644516,99.151415959,-81.542464595,9.411270242,                   363P    559
104.507889663,-81.005024562,7.295639659,108.5,-84.616631878,         363P    560
4.142135624,108.5,-90.,0.988631589,108.5,-95.383368122,              363P    561
-1.126998994,104.507889663,-98.994975438,-0.812173912,               363P    562
99.151415959,-98.457535405,8.457535405,99.151415959,                 363P    563
-80.90355484,8.994975438,104.507889663,-80.588729758,                363P    564
5.383368122,108.5,-82.704360341,0.,108.5,-85.857864376,              363P    565
-5.383368122,108.5,-89.011368411,-8.994975438,104.507889663,         363P    566
-91.126998994,-8.457535405,99.151415959,-90.812173912,               363P    567
8.457535405,99.151415959,-80.,8.994975438,104.507889663,-80.,        363P    568
5.383368122,108.5,-80.,0.,108.5,-80.,-5.383368122,108.5,-80.,        363P    569
-8.994975438,104.507889663,-80.,-8.457535405,99.151415959,-80.,      363P    570
0.,1.,0.,1.;                                                         363P    571
126,1,1,1,0,1,0,0.,0.,1.,1.,1.,1.,0.033007593,0.,0.,                 365P    572
0.966992407,0.,0.,0.,1.,0.,0.,1.;                                    365P    573
124,6.12323399573677E-17,0.,-1.,-80.,0.,1.,0.,0.,1.,0.,              367P    574
6.12323399573677E-17,-100.;                                          367P    575
100,-90.,10.,100.,18.5,100.,1.5,100.;                                369P    576
126,1,1,1,0,1,0,0.,0.,1.,1.,1.,1.,0.966992407,0.,0.,                 371P    577
0.966992407,1.,0.,0.,1.,0.,0.,1.;                                    371P    578
124,7.27366154732462E-16,-1.,0.,110.,6.12323399573677E-17,           373P    579
4.45383316600614E-32,1.,180.,-1.,-7.27366154732462E-16,              373P    580
6.12323399573677E-17,-69.9999999999999;                              373P    581
100,-80.,10.,100.,28.5,100.,10.,118.5;                               375P    582
126,1,1,1,0,1,0,0.,0.,1.,1.,1.,1.,0.966992407,1.,0.,                 377P    583
0.033007593,1.,0.,0.,1.,0.,0.,1.;                                    377P    584
124,-1.,-6.98296267768627E-15,0.,6.98296267768627E-13,               379P    585
-6.98296267768627E-15,1.,-6.98296267768627E-15,                      379P    586
-5.62162516117215E-13,4.87617677579594E-29,                          379P    587
-6.98296267768627E-15,-1.,-159.999999999999;                         379P    588
100,-80.,0.,100.,8.5,100.,-8.5,100.;                                 381P    589
126,1,1,1,0,1,0,0.,0.,1.,1.,1.,1.,0.033007593,1.,0.,                 383P    590
0.033007593,0.,0.,0.,1.,0.,0.,1.;                                    383P    591
124,-1.,6.98296267768627E-15,0.,19.9999999999993,                    385P    592
-4.27583144589696E-31,-6.12323399573677E-17,-1.,20.,                 385P    593
-6.98296267768627E-15,-1.,6.12323399573677E-17,                      385P    594
20.0000000000001;                                                    385P    595
100,-80.,10.,100.,11.5,100.,10.,101.5;                               387P    596
102,4,365,371,377,383;                                               389P    597
102,4,369,375,381,387;                                               391P    598
142,1,363,389,391,1;                                                 393P    599
144,363,1,0,393;                                                     395P    600
128,6,3,3,3,0,0,0,0,0,0.,0.,0.,0.,0.5,0.5,0.5,1.,1.,1.,1.,0.,        397P    601
0.,0.,0.,1.,1.,1.,1.,1.,0.780588314885163,0.780588314885163,1.,      397P    602
0.780588314885162,0.780588314885162,1.,0.804737854124365,            397P    603
0.62816896547524,0.62816896547524,0.804737854124365,                 397P    604
0.628168965475239,0.628168965475239,0.804737854124365,               397P    605
0.804737854124365,0.62816896547524,0.62816896547524,                 397P    606
0.804737854124365,0.628168965475239,0.628168965475239,               397P    607
0.804737854124365,1.,0.780588314885163,0.780588314885163,1.,         397P    608
0.780588314885162,0.780588314885162,1.,91.542464595,                 397P    609
99.151415959,-80.,91.005024562,104.507889663,-80.,94.616631878,      397P    610
108.5,-80.,100.,108.5,-80.,105.383368122,108.5,-80.,                 397P    611
108.994975438,104.507889663,-80.,108.457535405,99.151415959,         397P    612
-80.,91.542464595,99.151415959,-80.90355484,91.005024562,            397P    613
104.507889663,-80.588729758,94.616631878,108.5,-82.704360341,        397P    614
100.,108.5,-85.857864376,105.383368122,108.5,-89.011368411,          397P    615
108.994975438,104.507889663,-91.126998994,108.457535405,             397P    616
99.151415959,-90.812173912,90.90355484,99.151415959,                 397P    617
-81.542464595,90.588729758,104.507889663,-81.005024562,              397P    618
92.704360341,108.5,-84.616631878,95.857864376,108.5,-90.,            397P    619
99.011368411,108.5,-95.383368122,101.126998994,104.507889663,        397P    620
-98.994975438,100.812173912,99.151415959,-98.457535405,90.,          397P    621
99.151415959,-81.542464595,90.,104.507889663,-81.005024562,90.,      397P    622
108.5,-84.616631878,90.,108.5,-90.,90.,108.5,-95.383368122,90.,      397P    623
104.507889663,-98.994975438,90.,99.151415959,-98.457535405,0.,       397P    624
1.,0.,1.;                                                            397P    625
126,1,1,1,0,1,0,0.,0.,1.,1.,1.,1.,0.033007593,0.,0.,                 399P    626
0.966992407,0.,0.,0.,1.,0.,0.,1.;                                    399P    627
124,-1.,-6.98296267768627E-15,0.,200.000000000001,                   401P    628
-6.98296267768627E-15,1.,-6.98296267768627E-15,                      401P    629
1.40540629029316E-13,4.87617677579594E-29,                           401P    630
-6.98296267768627E-15,-1.,-159.999999999999;                         401P    631
100,-80.,100.,100.,108.5,100.,91.5,100.;                             403P    632
126,1,1,1,0,1,0,0.,0.,1.,1.,1.,1.,0.966992407,0.,0.,                 405P    633
0.966992407,1.,0.,0.,1.,0.,0.,1.;                                    405P    634
124,1.,-1.39659253553725E-14,0.,1.40341931954044E-12,                407P    635
8.55166289179392E-31,6.12323399573677E-17,1.,180.,                   407P    636
-1.39659253553725E-14,-1.,6.12323399573677E-17,                      407P    637
20.0000000000013;                                                    407P    638
100,-80.,90.,100.,108.5,100.,90.,118.5;                              409P    639
126,1,1,1,0,1,0,0.,0.,1.,1.,1.,1.,0.966992407,1.,0.,                 411P    640
0.033007593,1.,0.,0.,1.,0.,0.,1.;                                    411P    641
124,6.12323399573677E-17,0.,1.,180.,0.,1.,0.,0.,-1.,0.,              413P    642
6.12323399573677E-17,1.10218211923262E-14;                           413P    643
100,-90.,90.,100.,98.5,100.,81.5,100.;                               415P    644
126,1,1,1,0,1,0,0.,0.,1.,1.,1.,1.,0.033007593,1.,0.,                 417P    645
0.033007593,0.,0.,0.,1.,0.,0.,1.;                                    417P    646
124,1.40271576953299E-14,1.,0.,-10.0000000000013,                    419P    647
-6.12323399573677E-17,8.58915688636046E-31,-1.,20.,-1.,              419P    648
1.40271576953299E-14,6.12323399573677E-17,9.99999999999859;          419P    649
100,-80.,90.,100.,91.5,100.,90.,101.5;                               421P    650
102,4,399,405,411,417;                                               423P    651
102,4,403,409,415,421;                                               425P    652
142,1,397,423,425,1;                                                 427P    653
144,397,1,0,427;                                                     429P    654
128,6,3,3,3,0,0,0,0,0,0.,0.,0.,0.,0.5,0.5,0.5,1.,1.,1.,1.,0.,        431P    655
0.,0.,0.,1.,1.,1.,1.,1.,0.780588314885162,0.780588314885162,1.,      431P    656
0.780588314885162,0.780588314885162,1.,0.804737854124365,            431P    657
0.628168965475239,0.628168965475239,0.804737854124365,               431P    658
0.628168965475239,0.628168965475239,0.804737854124365,               431P    659
0.804737854124365,0.628168965475239,0.628168965475239,               431P    660
0.804737854124365,0.628168965475239,0.628168965475239,               431P    661
0.804737854124365,1.,0.780588314885162,0.780588314885162,1.,         431P    662
0.780588314885162,0.780588314885162,1.,100.848584041,90.,            431P    663
1.542464595,95.492110337,90.,1.005024562,91.5,90.,4.616631878,       431P    664
91.5,90.,10.,91.5,90.,15.383368122,95.492110337,90.,                 431P    665
18.994975438,100.848584041,90.,18.457535405,100.848584041,           431P    666
90.90355484,1.542464595,95.492110337,90.588729758,1.005024562,       431P    667
91.5,92.704360341,4.616631878,91.5,95.857864376,10.,91.5,            431P    668
99.011368411,15.383368122,95.492110337,101.126998994,                431P    669
18.994975438,100.848584041,100.812173912,18.457535405,               431P    670
100.848584041,91.542464595,0.90355484,95.492110337,                  431P    671
91.005024562,0.588729758,91.5,94.616631878,2.704360341,91.5,         431P    672
100.,5.857864376,91.5,105.383368122,9.011368411,95.492110337,        431P    673
108.994975438,11.126998994,100.848584041,108.457535405,              431P    674
10.812173912,100.848584041,91.542464595,0.,95.492110337,             431P    675
91.005024562,0.,91.5,94.616631878,0.,91.5,100.,0.,91.5,              431P    676
105.383368122,0.,95.492110337,108.994975438,0.,100.848584041,        431P    677
108.457535405,0.,0.,1.,0.,1.;                                        431P    678
126,1,1,1,0,1,0,0.,0.,1.,1.,1.,1.,0.033007593,0.,0.,                 433P    679
0.966992407,0.,0.,0.,1.,0.,0.,1.;                                    433P    680
124,6.12323399573677E-17,-1.,0.,190.,-7.04419501764363E-15,          435P    681
-4.3133254404635E-31,1.,80.0000000000007,-1.,                        435P    682
-6.12323399573677E-17,-7.04419501764363E-15,110.;                    435P    683
100,10.,100.,90.,108.5,90.,91.5,90.;                                 437P    684
126,1,1,1,0,1,0,0.,0.,1.,1.,1.,1.,0.966992407,0.,0.,                 439P    685
0.966992407,1.,0.,0.,1.,0.,0.,1.;                                    439P    686
124,6.12323399573677E-17,-8.55166289179392E-31,-1.,100.,             441P    687
1.39659253553725E-14,1.,0.,-1.39659253553724E-12,1.,                 441P    688
-1.39659253553725E-14,6.12323399573677E-17,-99.9999999999987;        441P    689
100,0.,100.,90.,118.5,90.,100.,108.5;                                443P    690
126,1,1,1,0,1,0,0.,0.,1.,1.,1.,1.,0.966992407,1.,0.,0.5,1.,0.,       445P    691
0.,1.,0.,0.,1.;                                                      445P    692
100,0.,100.,100.,100.,108.5,91.5,100.;                               447P    693
126,1,1,1,0,1,0,0.,0.,1.,1.,1.,1.,0.5,1.,0.,0.033007593,1.,0.,       449P    694
0.,1.,0.,0.,1.;                                                      449P    695
100,0.,100.,100.,91.5,100.,100.,91.5;                                451P    696
126,1,1,1,0,1,0,0.,0.,1.,1.,1.,1.,0.033007593,1.,0.,                 453P    697
0.033007593,0.,0.,0.,1.,0.,0.,1.;                                    453P    698
124,3.74939945665464E-33,-6.12323399573677E-17,1.,100.,1.,           455P    699
6.12323399573677E-17,0.,-10.,-6.12323399573677E-17,1.,               455P    700
6.12323399573677E-17,-90.;                                           455P    701
100,0.,100.,90.,101.5,90.,100.,91.5;                                 457P    702
102,5,433,439,445,449,453;                                           459P    703
102,5,437,443,447,451,457;                                           461P    704
142,1,431,459,461,1;                                                 463P    705
144,431,1,0,463;                                                     465P    706
128,6,3,3,3,0,0,0,0,0,0.,0.,0.,0.,0.5,0.5,0.5,1.,1.,1.,1.,0.,        467P    707
0.,0.,0.,1.,1.,1.,1.,1.,0.780588314885162,0.780588314885162,1.,      467P    708
0.780588314885162,0.780588314885162,1.,0.804737854124364,            467P    709
0.628168965475239,0.628168965475239,0.804737854124364,               467P    710
0.628168965475239,0.628168965475239,0.804737854124364,               467P    711
0.804737854124364,0.628168965475239,0.628168965475239,               467P    712
0.804737854124364,0.628168965475239,0.628168965475239,               467P    713
0.804737854124364,1.,0.780588314885162,0.780588314885162,1.,         467P    714
0.780588314885162,0.780588314885162,1.,100.848584041,                467P    715
8.457535405,0.,95.492110337,8.994975438,0.,91.5,5.383368122,0.,      467P    716
91.5,0.,0.,91.5,-5.383368122,0.,95.492110337,-8.994975438,0.,        467P    717
100.848584041,-8.457535405,0.,100.848584041,8.457535405,             467P    718
0.90355484,95.492110337,8.994975438,0.588729758,91.5,                467P    719
5.383368122,2.704360341,91.5,0.,5.857864376,91.5,-5.383368122,       467P    720
9.011368411,95.492110337,-8.994975438,11.126998994,                  467P    721
100.848584041,-8.457535405,10.812173912,100.848584041,               467P    722
9.09644516,1.542464595,95.492110337,9.411270242,1.005024562,         467P    723
91.5,7.295639659,4.616631878,91.5,4.142135624,10.,91.5,              467P    724
0.988631589,15.383368122,95.492110337,-1.126998994,                  467P    725
18.994975438,100.848584041,-0.812173912,18.457535405,                467P    726
100.848584041,10.,1.542464595,95.492110337,10.,1.005024562,          467P    727
91.5,10.,4.616631878,91.5,10.,10.,91.5,10.,15.383368122,             467P    728
95.492110337,10.,18.994975438,100.848584041,10.,18.457535405,        467P    729
0.,1.,0.,1.;                                                         467P    730
126,1,1,1,0,1,0,0.,0.,1.,1.,1.,1.,0.5,0.,0.,0.966992407,0.,0.,       469P    731
0.,1.,0.,0.,1.;                                                      469P    732
100,0.,100.,0.,91.5,0.,100.,-8.5;                                    471P    733
126,1,1,1,0,1,0,0.,0.,1.,1.,1.,1.,0.966992407,0.,0.,                 473P    734
0.966992407,1.,0.,0.,1.,0.,0.,1.;                                    473P    735
124,6.41374716884544E-31,6.12323399573677E-17,-1.,100.,-1.,          475P    736
1.04744440165294E-14,0.,110.,1.04744440165294E-14,1.,                475P    737
6.12323399573677E-17,-10.000000000001;                               475P    738
100,0.,100.,10.,118.5,10.,100.,28.5;                                 477P    739
126,1,1,1,0,1,0,0.,0.,1.,1.,1.,1.,0.966992407,1.,0.,                 479P    740
0.033007593,1.,0.,0.,1.,0.,0.,1.;                                    479P    741
124,6.12323399573677E-17,-1.,0.,110.,6.12323399573677E-17,           481P    742
3.74939945665464E-33,-1.,20.,1.,6.12323399573677E-17,                481P    743
6.12323399573677E-17,-90.;                                           481P    744
100,10.,100.,10.,108.5,10.,91.5,10.;                                 483P    745
126,1,1,1,0,1,0,0.,0.,1.,1.,1.,1.,0.033007593,1.,0.,                 485P    746
0.033007593,0.,0.,0.,1.,0.,0.,1.;                                    485P    747
124,-6.12323399573677E-17,4.27583144589696E-31,1.,100.,              487P    748
-6.98296267768627E-15,-1.,0.,20.0000000000007,1.,                    487P    749
-6.98296267768627E-15,6.12323399573677E-17,-99.9999999999999;        487P    750
100,0.,100.,10.,101.5,10.,100.,11.5;                                 489P    751
126,1,1,1,0,1,0,0.,0.,1.,1.,1.,1.,0.033007593,0.,0.,0.5,0.,0.,       491P    752
0.,1.,0.,0.,1.;                                                      491P    753
100,0.,100.,0.,100.,8.5,91.5,0.;                                     493P    754
102,5,469,473,479,485,491;                                           495P    755
102,5,471,477,483,489,493;                                           497P    756
142,1,467,495,497,1;                                                 499P    757
144,467,1,0,499;                                                     501P    758
128,6,3,3,3,0,0,0,0,0,0.,0.,0.,0.,0.5,0.5,0.5,1.,1.,1.,1.,0.,        503P    759
0.,0.,0.,1.,1.,1.,1.,1.,0.780588314885163,0.780588314885163,1.,      503P    760
0.780588314885162,0.780588314885162,1.,0.804737854124364,            503P    761
0.628168965475239,0.628168965475239,0.804737854124364,               503P    762
0.628168965475239,0.628168965475239,0.804737854124364,               503P    763
0.804737854124364,0.628168965475239,0.628168965475239,               503P    764
0.804737854124364,0.628168965475239,0.628168965475239,               503P    765
0.804737854124364,1.,0.780588314885163,0.780588314885163,1.,         503P    766
0.780588314885162,0.780588314885162,1.,90.,0.848584041,              503P    767
-91.542464595,90.,-4.507889663,-91.005024562,90.,-8.5,               503P    768
-94.616631878,90.,-8.5,-100.,90.,-8.5,-105.383368122,90.,            503P    769
-4.507889663,-108.994975438,90.,0.848584041,-108.457535405,          503P    770
90.90355484,0.848584041,-91.542464595,90.588729758,                  503P    771
-4.507889663,-91.005024562,92.704360341,-8.5,-94.616631878,          503P    772
95.857864376,-8.5,-100.,99.011368411,-8.5,-105.383368122,            503P    773
101.126998994,-4.507889663,-108.994975438,100.812173912,             503P    774
0.848584041,-108.457535405,91.542464595,0.848584041,                 503P    775
-90.90355484,91.005024562,-4.507889663,-90.588729758,                503P    776
94.616631878,-8.5,-92.704360341,100.,-8.5,-95.857864376,             503P    777
105.383368122,-8.5,-99.011368411,108.994975438,-4.507889663,         503P    778
-101.126998994,108.457535405,0.848584041,-100.812173912,             503P    779
91.542464595,0.848584041,-90.,91.005024562,-4.507889663,-90.,        503P    780
94.616631878,-8.5,-90.,100.,-8.5,-90.,105.383368122,-8.5,-90.,       503P    781
108.994975438,-4.507889663,-90.,108.457535405,0.848584041,-90.,      503P    782
0.,1.,0.,1.;                                                         503P    783
126,1,1,1,0,1,0,0.,0.,1.,1.,1.,1.,0.033007593,0.,0.,                 505P    784
0.966992407,0.,0.,0.,1.,0.,0.,1.;                                    505P    785
124,-6.12323399573677E-17,-7.49879891330929E-33,1.,190.,             507P    786
1.22464679914735E-16,-1.,0.,-1.10218211923262E-14,1.,                507P    787
1.22464679914735E-16,6.12323399573677E-17,-190.;                     507P    788
100,-100.,90.,0.,98.5,0.,81.5,0.;                                    509P    789
126,1,1,1,0,1,0,0.,0.,1.,1.,1.,1.,0.966992407,0.,0.,                 511P    790
0.966992407,1.,0.,0.,1.,0.,0.,1.;                                    511P    791
124,1.31389792756298E-14,1.,0.,89.9999999999988,                     513P    792
-6.12323399573677E-17,8.04530445698171E-31,-1.,-90.,-1.,             513P    793
1.31389792756298E-14,6.12323399573677E-17,8.40708173859876E-15;      513P    794
100,-90.,90.,0.,108.5,0.,90.,18.5;                                   515P    795
126,1,1,1,0,1,0,0.,0.,1.,1.,1.,1.,0.966992407,1.,0.,                 517P    796
0.033007593,1.,0.,0.,1.,0.,0.,1.;                                    517P    797
124,1.,-7.35035671743046E-15,3.26536183713281E-15,                   519P    798
2.96331586719804E-13,-7.35035671743048E-15,-1.,                      519P    799
6.98296267768627E-15,1.36350231273481E-12,3.26536183713276E-15,      519P    800
-6.98296267768629E-15,-1.,-180.;                                     519P    801
100,-90.,100.,0.,108.5,0.,91.5,0.;                                   521P    802
126,1,1,1,0,1,0,0.,0.,1.,1.,1.,1.,0.033007593,1.,0.,                 523P    803
0.033007593,0.,0.,0.,1.,0.,0.,1.;                                    523P    804
124,1.,0.,0.,0.,0.,6.12323399573677E-17,1.,90.,0.,-1.,               525P    805
6.12323399573677E-17,-90.;                                           525P    806
100,-90.,90.,0.,91.5,0.,90.,1.5;                                     527P    807
102,4,505,511,517,523;                                               529P    808
102,4,509,515,521,527;                                               531P    809
142,1,503,529,531,1;                                                 533P    810
144,503,1,0,533;                                                     535P    811
128,6,3,3,3,0,0,0,0,0,0.,0.,0.,0.,0.5,0.5,0.5,1.,1.,1.,1.,0.,        537P    812
0.,0.,0.,1.,1.,1.,1.,1.,0.780588314885163,0.780588314885163,1.,      537P    813
0.780588314885162,0.780588314885162,1.,0.804737854124363,            537P    814
0.628168965475239,0.628168965475239,0.804737854124363,               537P    815
0.628168965475238,0.628168965475238,0.804737854124363,               537P    816
0.804737854124363,0.628168965475239,0.628168965475239,               537P    817
0.804737854124363,0.628168965475238,0.628168965475238,               537P    818
0.804737854124363,1.,0.780588314885163,0.780588314885163,1.,         537P    819
0.780588314885162,0.780588314885162,1.,8.457535405,0.848584041,      537P    820
-90.,8.994975438,-4.507889663,-90.,5.383368122,-8.5,-90.,0.,         537P    821
-8.5,-90.,-5.383368122,-8.5,-90.,-8.994975438,-4.507889663,          537P    822
-90.,-8.457535405,0.848584041,-90.,8.457535405,0.848584041,          537P    823
-90.90355484,8.994975438,-4.507889663,-90.588729758,                 537P    824
5.383368122,-8.5,-92.704360341,0.,-8.5,-95.857864376,                537P    825
-5.383368122,-8.5,-99.011368411,-8.994975438,-4.507889663,           537P    826
-101.126998994,-8.457535405,0.848584041,-100.812173912,              537P    827
9.09644516,0.848584041,-91.542464595,9.411270242,-4.507889663,       537P    828
-91.005024562,7.295639659,-8.5,-94.616631878,4.142135624,-8.5,       537P    829
-100.,0.988631589,-8.5,-105.383368122,-1.126998994,                  537P    830
-4.507889663,-108.994975438,-0.812173912,0.848584041,                537P    831
-108.457535405,10.,0.848584041,-91.542464595,10.,-4.507889663,       537P    832
-91.005024562,10.,-8.5,-94.616631878,10.,-8.5,-100.,10.,-8.5,        537P    833
-105.383368122,10.,-4.507889663,-108.994975438,10.,0.848584041,      537P    834
-108.457535405,0.,1.,0.,1.;                                          537P    835
126,1,1,1,0,1,0,0.,0.,1.,1.,1.,1.,0.033007593,0.,0.,                 539P    836
0.966992407,0.,0.,0.,1.,0.,0.,1.;                                    539P    837
124,1.,-7.105427357601E-15,0.,0.,-7.105427357601E-15,-1.,            541P    838
6.98296267768627E-15,6.28466640991764E-13,                           541P    839
-4.96169340471387E-29,-6.98296267768627E-15,-1.,-180.;               541P    840
100,-90.,0.,0.,8.5,0.,-8.5,0.;                                       543P    841
126,1,1,1,0,1,0,0.,0.,1.,1.,1.,1.,0.966992407,0.,0.,                 545P    842
0.966992407,1.,0.,0.,1.,0.,0.,1.;                                    545P    843
124,-1.,-1.22464679914735E-16,0.,20.,7.49879891330929E-33,           547P    844
-6.12323399573677E-17,-1.,-90.,1.22464679914735E-16,-1.,             547P    845
6.12323399573677E-17,-90.;                                           547P    846
100,-90.,10.,0.,28.5,0.,10.,18.5;                                    549P    847
126,1,1,1,0,1,0,0.,0.,1.,1.,1.,1.,0.966992407,1.,0.,                 551P    848
0.033007593,1.,0.,0.,1.,0.,0.,1.;                                    551P    849
124,-6.12323399573677E-17,4.27583144589696E-31,-1.,-90.,             553P    850
-6.98296267768627E-15,-1.,0.,6.98296267768626E-14,-1.,               553P    851
6.98296267768627E-15,6.12323399573677E-17,-90.;                      553P    852
100,-100.,10.,0.,18.5,0.,1.5,0.;                                     555P    853
126,1,1,1,0,1,0,0.,0.,1.,1.,1.,1.,0.033007593,1.,0.,                 557P    854
0.033007593,0.,0.,0.,1.,0.,0.,1.;                                    557P    855
124,6.12323399573677E-17,-1.,0.,10.,6.12323399573677E-17,            559P    856
3.74939945665464E-33,1.,90.,-1.,-6.12323399573677E-17,               559P    857
6.12323399573677E-17,-80.;                                           559P    858
100,-90.,10.,0.,11.5,0.,10.,1.5;                                     561P    859
102,4,539,545,551,557;                                               563P    860
102,4,543,549,555,561;                                               565P    861
142,1,537,563,565,1;                                                 567P    862
144,537,1,0,567;                                                     569P    863
110,50.,90.,0.,50.,-910.,0.;                                         571P    864
110,50.,90.,-7.5,50.,50.,-7.5;                                       573P    865
120,571,573,0.,6.28318530717959;                                     575P    866
126,1,1,1,0,1,0,0.,0.,1.,1.,1.,1.,0.,6.283185307,0.,1.,              577P    867
6.283185307,0.,0.,1.,0.,0.,1.;                                       577P    868
110,50.,90.,-7.5,50.,50.,-7.5;                                       579P    869
126,1,1,1,0,1,0,0.,0.,1.,1.,1.,1.,1.,6.283185307,0.,1.,              581P    870
3.141592654,0.,0.,1.,0.,0.,1.;                                       581P    871
124,6.12323399573677E-17,-1.,0.,100.,6.12323399573677E-17,           583P    872
3.74939945665464E-33,1.,50.,-1.,-6.12323399573677E-17,               583P    873
6.12323399573677E-17,50.;                                            583P    874
100,0.,50.,50.,57.5,50.,42.5,50.;                                    585P    875
126,1,1,1,0,1,0,0.,0.,1.,1.,1.,1.,1.,3.141592654,0.,0.,              587P    876
3.141592654,0.,0.,1.,0.,0.,1.;                                       587P    877
110,50.,50.,7.5,50.,90.,7.5;                                         589P    878
126,1,1,1,0,1,0,0.,0.,1.,1.,1.,1.,0.,3.141592654,0.,0.,              591P    879
4.71238898,0.,0.,1.,0.,0.,1.;                                        591P    880
124,-4.38368021123952E-16,-1.,-1.38777878078145E-15,140.,            593P    881
6.12323399573683E-17,1.38777878078145E-15,-1.,89.9999999999999,      593P    882
1.,-4.38368021123953E-16,6.12323399573677E-17,-50.;                  593P    883
100,0.,50.,90.,57.5,90.,50.,97.5;                                    595P    884
126,1,1,1,0,1,0,0.,0.,1.,1.,1.,1.,0.,4.71238898,0.,0.,               597P    885
6.283185307,0.,0.,1.,0.,0.,1.;                                       597P    886
124,-1.,1.26531410086671E-15,-1.38777878078145E-15,                  599P    887
99.9999999999999,1.38777878078145E-15,-6.12323399573694E-17,         599P    888
-1.,89.9999999999999,-1.26531410086671E-15,-1.,                      599P    889
6.12323399573677E-17,90.0000000000001;                               599P    890
100,0.,50.,90.,57.5,90.,50.,97.5;                                    601P    891
102,5,577,581,587,591,597;                                           603P    892
102,5,579,585,589,595,601;                                           605P    893
142,1,575,603,605,1;                                                 607P    894
144,575,1,0,607;                                                     609P    895
110,10.,100.,0.,1010.,100.,0.;                                       611P    896
110,10.,100.,-7.5,40.,100.,-7.5;                                     613P    897
120,611,613,0.,6.28318530717959;                                     615P    898
126,1,1,1,0,1,0,0.,0.,1.,1.,1.,1.,0.,6.283185307,0.,1.,              617P    899
6.283185307,0.,0.,1.,0.,0.,1.;                                       617P    900
110,10.,100.,-7.5,40.,100.,-7.5;                                     619P    901
126,1,1,1,0,1,0,0.,0.,1.,1.,1.,1.,1.,6.283185307,0.,1.,              621P    902
4.71238898,0.,0.,1.,0.,0.,1.;                                        621P    903
124,-6.12323399573677E-17,4.27583144589696E-31,-1.,40.,              623P    904
-6.98296267768627E-15,-1.,0.,200.,-1.,6.98296267768627E-15,          623P    905
6.12323399573677E-17,39.9999999999993;                               623P    906
100,0.,40.,100.,47.5,100.,40.,107.5;                                 625P    907
126,1,1,1,0,1,0,0.,0.,1.,1.,1.,1.,1.,4.71238898,0.,1.,               627P    908
3.141592654,0.,0.,1.,0.,0.,1.;                                       627P    909
124,8.58915688636046E-31,6.12323399573677E-17,-1.,40.,-1.,           629P    910
1.40271576953299E-14,0.,139.999999999999,1.40271576953299E-14,       629P    911
1.,6.12323399573677E-17,-100.000000000001;                           629P    912
100,0.,40.,100.,47.5,100.,40.,107.5;                                 631P    913
126,1,1,1,0,1,0,0.,0.,1.,1.,1.,1.,1.,3.141592654,0.,0.,              633P    914
3.141592654,0.,0.,1.,0.,0.,1.;                                       633P    915
110,40.,100.,7.5,10.,100.,7.5;                                       635P    916
126,1,1,1,0,1,0,0.,0.,1.,1.,1.,1.,0.,3.141592654,0.,0.,              637P    917
6.283185307,0.,0.,1.,0.,0.,1.;                                       637P    918
124,-6.12323399573677E-17,4.27583144589696E-31,1.,10.,               639P    919
-6.98296267768627E-15,-1.,0.,200.,1.,-6.98296267768627E-15,          639P    920
6.12323399573677E-17,-9.99999999999931;                              639P    921
100,0.,10.,100.,17.5,100.,2.5,100.;                                  641P    922
102,5,617,621,627,633,637;                                           643P    923
102,5,619,625,631,635,641;                                           645P    924
142,1,615,643,645,1;                                                 647P    925
144,615,1,0,647;                                                     649P    926
110,0.,100.,-80.,0.,100.,920.;                                       651P    927
110,7.5,100.,-80.,7.5,100.,-10.;                                     653P    928
120,651,653,0.,6.28318530717959;                                     655P    929
126,1,1,1,0,1,0,0.,0.,1.,1.,1.,1.,0.,6.283185307,0.,1.,              657P    930
6.283185307,0.,0.,1.,0.,0.,1.;                                       657P    931
110,7.5,100.,-80.,7.5,100.,-10.;                                     659P    932
126,1,1,1,0,1,0,0.,0.,1.,1.,1.,1.,1.,6.283185307,0.,1.,              661P    933
3.141592654,0.,0.,1.,0.,0.,1.;                                       661P    934
124,1.,-7.105427357601E-15,0.,7.105427357601E-13,                    663P    935
-7.105427357601E-15,-1.,6.98296267768627E-15,200.,                   663P    936
-4.96169340471387E-29,-6.98296267768627E-15,-1.,                     663P    937
-19.9999999999993;                                                   663P    938
100,-10.,0.,100.,7.5,100.,-7.5,100.;                                 665P    939
126,1,1,1,0,1,0,0.,0.,1.,1.,1.,1.,1.,3.141592654,0.,0.,              667P    940
3.141592654,0.,0.,1.,0.,0.,1.;                                       667P    941
110,-7.5,100.,-10.,-7.5,100.,-80.;                                   669P    942
126,1,1,1,0,1,0,0.,0.,1.,1.,1.,1.,0.,3.141592654,0.,0.,              671P    943
6.283185307,0.,0.,1.,0.,0.,1.;                                       671P    944
100,-80.,0.,100.,-7.5,100.,7.5,100.;                                 673P    945
102,4,657,661,667,671;                                               675P    946
102,4,659,665,669,673;                                               677P    947
142,1,655,675,677,1;                                                 679P    948
144,655,1,0,679;                                                     681P    949
110,90.,100.,-90.,-910.,100.,-90.;                                   683P    950
110,90.,100.,-82.5,10.,100.,-82.5;                                   685P    951
120,683,685,0.,6.28318530717959;                                     687P    952
126,1,1,1,0,1,0,0.,0.,1.,1.,1.,1.,0.,6.283185307,0.,1.,              689P    953
6.283185307,0.,0.,1.,0.,0.,1.;                                       689P    954
110,90.,100.,-82.5,10.,100.,-82.5;                                   691P    955
126,1,1,1,0,1,0,0.,0.,1.,1.,1.,1.,1.,6.283185307,0.,1.,              693P    956
3.141592654,0.,0.,1.,0.,0.,1.;                                       693P    957
124,-6.12323399573677E-17,4.27583144589696E-31,1.,100.,              695P    958
-6.98296267768627E-15,-1.,0.,200.,1.,-6.98296267768627E-15,          695P    959
6.12323399573677E-17,-99.9999999999993;                              695P    960
100,-90.,10.,100.,17.5,100.,2.5,100.;                                697P    961
126,1,1,1,0,1,0,0.,0.,1.,1.,1.,1.,1.,3.141592654,0.,0.,              699P    962
3.141592654,0.,0.,1.,0.,0.,1.;                                       699P    963
110,10.,100.,-97.5,90.,100.,-97.5;                                   701P    964
126,1,1,1,0,1,0,0.,0.,1.,1.,1.,1.,0.,3.141592654,0.,0.,              703P    965
6.283185307,0.,0.,1.,0.,0.,1.;                                       703P    966
124,-6.12323399573677E-17,4.27583144589696E-31,-1.,                  705P    967
-4.21783884518198E-29,-6.98296267768627E-15,-1.,0.,                  705P    968
200.000000000001,-1.,6.98296267768627E-15,6.12323399573677E-17,      705P    969
-6.8882535733872E-13;                                                705P    970
100,-90.,90.,100.,97.5,100.,82.5,100.;                               707P    971
102,4,689,693,699,703;                                               709P    972
102,4,691,697,701,707;                                               711P    973
142,1,687,709,711,1;                                                 713P    974
144,687,1,0,713;                                                     715P    975
110,100.,100.,0.,100.,100.,-1000.;                                   717P    976
110,92.5,100.,0.,92.5,100.,-80.;                                     719P    977
120,717,719,0.,6.28318530717959;                                     721P    978
126,1,1,1,0,1,0,0.,0.,1.,1.,1.,1.,0.,6.283185307,0.,1.,              723P    979
6.283185307,0.,0.,1.,0.,0.,1.;                                       723P    980
110,92.5,100.,0.,92.5,100.,-80.;                                     725P    981
126,1,1,1,0,1,0,0.,0.,1.,1.,1.,1.,1.,6.283185307,0.,1.,              727P    982
3.141592654,0.,0.,1.,0.,0.,1.;                                       727P    983
100,-80.,100.,100.,92.5,100.,107.5,100.;                             729P    984
126,1,1,1,0,1,0,0.,0.,1.,1.,1.,1.,1.,3.141592654,0.,0.,              731P    985
3.141592654,0.,0.,1.,0.,0.,1.;                                       731P    986
110,107.5,100.,-80.,107.5,100.,0.;                                   733P    987
126,1,1,1,0,1,0,0.,0.,1.,1.,1.,1.,0.,3.141592654,0.,0.,              735P    988
4.71238898,0.,0.,1.,0.,0.,1.;                                        735P    989
124,1.,-1.40883900352873E-14,-6.98296267768627E-15,                  737P    990
1.4021436506604E-12,-1.40883900352873E-14,-1.,                       737P    991
1.22464679914735E-16,200.000000000001,-6.98296267768627E-15,         737P    992
-1.22464679914637E-16,-1.,7.01359041703377E-13;                      737P    993
100,0.,100.,100.,107.5,100.,100.,107.5;                              739P    994
126,1,1,1,0,1,0,0.,0.,1.,1.,1.,1.,0.,4.71238898,0.,0.,               741P    995
6.283185307,0.,0.,1.,0.,0.,1.;                                       741P    996
124,-7.04419501764363E-15,-1.,0.,200.000000000001,-1.,               743P    997
7.04419501764363E-15,6.98296267768627E-15,199.999999999999,          743P    998
-6.98296267768627E-15,4.91893509025491E-29,-1.,                      743P    999
6.89112573711908E-13;                                                743P   1000
100,0.,100.,100.,107.5,100.,100.,107.5;                              745P   1001
102,5,723,727,731,735,741;                                           747P   1002
102,5,725,729,733,739,745;                                           749P   1003
142,1,721,747,749,1;                                                 751P   1004
144,721,1,0,751;                                                     753P   1005
110,100.,10.,10.,100.,1010.,10.;                                     755P   1006
110,100.,10.,17.5,100.,90.,17.5;                                     757P   1007
120,755,757,0.,6.28318530717959;                                     759P   1008
126,1,1,1,0,1,0,0.,0.,1.,1.,1.,1.,0.,6.283185307,0.,1.,              761P   1009
6.283185307,0.,0.,1.,0.,0.,1.;                                       761P   1010
110,100.,10.,17.5,100.,90.,17.5;                                     763P   1011
126,1,1,1,0,1,0,0.,0.,1.,1.,1.,1.,1.,6.283185307,0.,1.,              765P   1012
3.141592654,0.,0.,1.,0.,0.,1.;                                       765P   1013
124,6.12323399573677E-17,-1.,0.,190.,6.12323399573677E-17,           767P   1014
3.74939945665464E-33,-1.,100.,1.,6.12323399573677E-17,               767P   1015
6.12323399573677E-17,-90.;                                           767P   1016
100,10.,100.,90.,107.5,90.,92.5,90.;                                 769P   1017
126,1,1,1,0,1,0,0.,0.,1.,1.,1.,1.,1.,3.141592654,0.,0.,              771P   1018
3.141592654,0.,0.,1.,0.,0.,1.;                                       771P   1019
110,100.,90.,2.5,100.,10.,2.5;                                       773P   1020
126,1,1,1,0,1,0,0.,0.,1.,1.,1.,1.,0.,3.141592654,0.,0.,              775P   1021
6.283185307,0.,0.,1.,0.,0.,1.;                                       775P   1022
124,6.12323399573677E-17,-1.,0.,110.,6.12323399573677E-17,           777P   1023
3.74939945665464E-33,1.,-6.73555739531044E-15,-1.,                   777P   1024
-6.12323399573677E-17,6.12323399573677E-17,110.;                     777P   1025
100,10.,100.,10.,107.5,10.,92.5,10.;                                 779P   1026
102,4,761,765,771,775;                                               781P   1027
102,4,763,769,773,779;                                               783P   1028
142,1,759,781,783,1;                                                 785P   1029
144,759,1,0,785;                                                     787P   1030
110,100.,0.,-90.,100.,0.,910.;                                       789P   1031
110,107.5,0.,-90.,107.5,0.,0.;                                       791P   1032
120,789,791,0.,6.28318530717959;                                     793P   1033
126,1,1,1,0,1,0,0.,0.,1.,1.,1.,1.,0.,6.283185307,0.,1.,              795P   1034
6.283185307,0.,0.,1.,0.,0.,1.;                                       795P   1035
110,107.5,0.,-90.,107.5,0.,0.;                                       797P   1036
126,1,1,1,0,1,0,0.,0.,1.,1.,1.,1.,1.,6.283185307,0.,1.,              799P   1037
4.71238898,0.,0.,1.,0.,0.,1.;                                        799P   1038
124,1.,-1.32002116135521E-14,-6.98296267768627E-15,0.,               801P   1039
-1.32002116135521E-14,-1.,0.,0.,-6.98296267768627E-15,               801P   1040
9.217658505146E-29,-1.,0.;                                           801P   1041
100,0.,100.,0.,107.5,0.,100.,7.5;                                    803P   1042
126,1,1,1,0,1,0,0.,0.,1.,1.,1.,1.,1.,4.71238898,0.,1.,               805P   1043
3.141592654,0.,0.,1.,0.,0.,1.;                                       805P   1044
124,-1.8369702127033E-16,-1.,8.5516628917939E-31,100.,-1.,           807P   1045
1.8369702127033E-16,6.98296267768627E-15,100.,                       807P   1046
-6.98296267768627E-15,4.27583154885617E-31,-1.,                      807P   1047
6.42785116537369E-13;                                                807P   1048
100,0.,100.,0.,107.5,0.,100.,7.5;                                    809P   1049
126,1,1,1,0,1,0,0.,0.,1.,1.,1.,1.,1.,3.141592654,0.,0.,              811P   1050
3.141592654,0.,0.,1.,0.,0.,1.;                                       811P   1051
110,92.5,0.,0.,92.5,0.,-90.;                                         813P   1052
126,1,1,1,0,1,0,0.,0.,1.,1.,1.,1.,0.,3.141592654,0.,0.,              815P   1053
6.283185307,0.,0.,1.,0.,0.,1.;                                       815P   1054
100,-90.,100.,0.,92.5,0.,107.5,0.;                                   817P   1055
102,5,795,799,805,811,815;                                           819P   1056
102,5,797,803,809,813,817;                                           821P   1057
142,1,793,819,821,1;                                                 823P   1058
144,793,1,0,823;                                                     825P   1059
110,10.,0.,-100.,1010.,0.,-100.;                                     827P   1060
110,10.,0.,-107.5,90.,0.,-107.5;                                     829P   1061
120,827,829,0.,6.28318530717959;                                     831P   1062
126,1,1,1,0,1,0,0.,0.,1.,1.,1.,1.,0.,6.283185307,0.,1.,              833P   1063
6.283185307,0.,0.,1.,0.,0.,1.;                                       833P   1064
110,10.,0.,-107.5,90.,0.,-107.5;                                     835P   1065
126,1,1,1,0,1,0,0.,0.,1.,1.,1.,1.,1.,6.283185307,0.,1.,              837P   1066
3.141592654,0.,0.,1.,0.,0.,1.;                                       837P   1067
124,-6.12323399573677E-17,4.27583144589696E-31,-1.,-10.,             839P   1068
-6.98296267768627E-15,-1.,0.,6.28466640991764E-13,-1.,               839P   1069
6.98296267768627E-15,6.12323399573677E-17,-10.;                      839P   1070
100,-100.,90.,0.,97.5,0.,82.5,0.;                                    841P   1071
126,1,1,1,0,1,0,0.,0.,1.,1.,1.,1.,1.,3.141592654,0.,0.,              843P   1072
3.141592654,0.,0.,1.,0.,0.,1.;                                       843P   1073
110,90.,0.,-92.5,10.,0.,-92.5;                                       845P   1074
126,1,1,1,0,1,0,0.,0.,1.,1.,1.,1.,0.,3.141592654,0.,0.,              847P   1075
6.283185307,0.,0.,1.,0.,0.,1.;                                       847P   1076
124,-6.12323399573677E-17,-7.49879891330929E-33,1.,110.,             849P   1077
1.22464679914735E-16,-1.,0.,-1.22464679914735E-15,1.,                849P   1078
1.22464679914735E-16,6.12323399573677E-17,-110.;                     849P   1079
100,-100.,10.,0.,17.5,0.,2.5,0.;                                     851P   1080
102,4,833,837,843,847;                                               853P   1081
102,4,835,841,845,851;                                               855P   1082
142,1,831,853,855,1;                                                 857P   1083
144,831,1,0,857;                                                     859P   1084
110,0.,0.,0.,0.,0.,-1000.;                                           861P   1085
110,-7.5,0.,0.,-7.5,0.,-90.;                                         863P   1086
120,861,863,0.,6.28318530717959;                                     865P   1087
126,1,1,1,0,1,0,0.,0.,1.,1.,1.,1.,0.,6.283185307,0.,1.,              867P   1088
6.283185307,0.,0.,1.,0.,0.,1.;                                       867P   1089
110,-7.5,0.,0.,-7.5,0.,-90.;                                         869P   1090
126,1,1,1,0,1,0,0.,0.,1.,1.,1.,1.,1.,6.283185307,0.,1.,              871P   1091
3.141592654,0.,0.,1.,0.,0.,1.;                                       871P   1092
100,-90.,0.,0.,-7.5,0.,7.5,0.;                                       873P   1093
126,1,1,1,0,1,0,0.,0.,1.,1.,1.,1.,1.,3.141592654,0.,0.,              875P   1094
3.141592654,0.,0.,1.,0.,0.,1.;                                       875P   1095
110,7.5,0.,-90.,7.5,0.,0.;                                           877P   1096
126,1,1,1,0,1,0,0.,0.,1.,1.,1.,1.,0.,3.141592654,0.,0.,              879P   1097
6.283185307,0.,0.,1.,0.,0.,1.;                                       879P   1098
124,1.,-7.105427357601E-15,0.,0.,-7.105427357601E-15,-1.,            881P   1099
6.98296267768627E-15,0.,-4.96169340471387E-29,                       881P   1100
-6.98296267768627E-15,-1.,0.;                                        881P   1101
100,0.,0.,0.,7.5,0.,-7.5,0.;                                         883P   1102
102,4,867,871,875,879;                                               885P   1103
102,4,869,873,877,883;                                               887P   1104
142,1,865,885,887,1;                                                 889P   1105
144,865,1,0,889;                                                     891P   1106
110,50.,90.,0.,50.,-910.,0.;                                         893P   1107
110,50.,90.,-8.5,50.,50.,-8.5;                                       895P   1108
120,893,895,0.,6.28318530717959;                                     897P   1109
126,1,1,1,0,1,0,0.,0.,1.,1.,1.,1.,0.,1.570796327,0.,0.,              899P   1110
3.141592654,0.,0.,1.,0.,0.,1.;                                       899P   1111
124,1.,-1.5175728305008E-14,-1.20980294963545E-15,                   901P   1112
1.36367551045541E-12,-1.20980294963545E-15,6.1232339957386E-17,      901P   1113
-1.,90.,1.5175728305008E-14,1.,6.12323399573677E-17,                 901P   1114
-90.0000000000008;                                                   901P   1115
100,0.,50.,90.,58.5,90.,50.,98.5;                                    903P   1116
126,1,1,1,0,1,0,0.,0.,1.,1.,1.,1.,0.,3.141592654,0.,1.,              905P   1117
3.141592654,0.,0.,1.,0.,0.,1.;                                       905P   1118
110,50.,90.,8.5,50.,50.,8.5;                                         907P   1119
126,1,1,1,0,1,0,0.,0.,1.,1.,1.,1.,1.,3.141592654,0.,1.,0.,0.,        909P   1120
0.,1.,0.,0.,1.;                                                      909P   1121
124,1.40271576953299E-14,1.,0.,-7.01357884766485E-13,                911P   1122
-6.12323399573677E-17,8.58915688636046E-31,1.,50.,1.,                911P   1123
-1.40271576953299E-14,6.12323399573677E-17,-49.9999999999993;        911P   1124
100,0.,50.,50.,58.5,50.,41.5,50.;                                    913P   1125
126,1,1,1,0,1,0,0.,0.,1.,1.,1.,1.,1.,0.,0.,0.,0.,0.,0.,1.,0.,        915P   1126
0.,1.;                                                               915P   1127
110,50.,50.,-8.5,50.,90.,-8.5;                                       917P   1128
126,1,1,1,0,1,0,0.,0.,1.,1.,1.,1.,0.,0.,0.,0.,1.570796327,0.,        919P   1129
0.,1.,0.,0.,1.;                                                      919P   1130
124,1.52369606449654E-14,1.,-1.20980294963545E-15,                   921P   1131
-40.0000000000008,-6.12323399573861E-17,-1.20980294963545E-15,       921P   1132
-1.,90.0000000000001,-1.,1.52369606449654E-14,                       921P   1133
6.12323399573677E-17,49.9999999999986;                               921P   1134
100,0.,50.,90.,58.5,90.,50.,98.5;                                    923P   1135
102,5,899,905,909,915,919;                                           925P   1136
102,5,903,907,913,917,923;                                           927P   1137
142,1,897,925,927,1;                                                 929P   1138
144,897,1,0,929;                                                     931P   1139
110,10.,100.,0.,1010.,100.,0.;                                       933P   1140
110,10.,100.,-8.5,40.,100.,-8.5;                                     935P   1141
120,933,935,0.,6.28318530717959;                                     937P   1142
126,1,1,1,0,1,0,0.,0.,1.,1.,1.,1.,0.,0.,0.,0.,3.141592654,0.,        939P   1143
0.,1.,0.,0.,1.;                                                      939P   1144
124,6.12323399573677E-17,0.,1.,10.,0.,1.,0.,0.,-1.,0.,               941P   1145
6.12323399573677E-17,9.99999999999999;                               941P   1146
100,0.,10.,100.,18.5,100.,1.5,100.;                                  943P   1147
126,1,1,1,0,1,0,0.,0.,1.,1.,1.,1.,0.,3.141592654,0.,1.,              945P   1148
3.141592654,0.,0.,1.,0.,0.,1.;                                       945P   1149
110,10.,100.,8.5,40.,100.,8.5;                                       947P   1150
126,1,1,1,0,1,0,0.,0.,1.,1.,1.,1.,1.,3.141592654,0.,1.,              949P   1151
1.570796327,0.,0.,1.,0.,0.,1.;                                       949P   1152
124,6.12323399573677E-17,0.,-1.,40.,0.,1.,0.,0.,1.,0.,               951P   1153
6.12323399573677E-17,-40.;                                           951P   1154
100,0.,40.,100.,48.5,100.,40.,108.5;                                 953P   1155
126,1,1,1,0,1,0,0.,0.,1.,1.,1.,1.,1.,1.570796327,0.,1.,0.,0.,        955P   1156
0.,1.,0.,0.,1.;                                                      955P   1157
124,3.74939945665464E-33,-6.12323399573677E-17,-1.,40.,1.,           957P   1158
6.12323399573677E-17,0.,60.,6.12323399573677E-17,-1.,                957P   1159
6.12323399573677E-17,100.;                                           957P   1160
100,0.,40.,100.,48.5,100.,40.,108.5;                                 959P   1161
126,1,1,1,0,1,0,0.,0.,1.,1.,1.,1.,1.,0.,0.,0.,0.,0.,0.,1.,0.,        961P   1162
0.,1.;                                                               961P   1163
110,40.,100.,-8.5,10.,100.,-8.5;                                     963P   1164
102,5,939,945,949,955,961;                                           965P   1165
102,5,943,947,953,959,963;                                           967P   1166
142,1,937,965,967,1;                                                 969P   1167
144,937,1,0,969;                                                     971P   1168
110,0.,100.,-80.,0.,100.,920.;                                       973P   1169
110,8.5,100.,-80.,8.5,100.,-10.;                                     975P   1170
120,973,975,0.,6.28318530717959;                                     977P   1171
126,1,1,1,0,1,0,0.,0.,1.,1.,1.,1.,0.,0.,0.,0.,3.141592654,0.,        979P   1172
0.,1.,0.,0.,1.;                                                      979P   1173
100,-80.,0.,100.,8.5,100.,-8.5,100.;                                 981P   1174
126,1,1,1,0,1,0,0.,0.,1.,1.,1.,1.,0.,3.141592654,0.,1.,              983P   1175
3.141592654,0.,0.,1.,0.,0.,1.;                                       983P   1176
110,-8.5,100.,-80.,-8.5,100.,-10.;                                   985P   1177
126,1,1,1,0,1,0,0.,0.,1.,1.,1.,1.,1.,3.141592654,0.,1.,0.,0.,        987P   1178
0.,1.,0.,0.,1.;                                                      987P   1179
124,-1.,-6.98296267768627E-15,0.,6.98296267768627E-13,               989P   1180
-6.98296267768627E-15,1.,-6.98296267768627E-15,                      989P   1181
-7.02703145146434E-14,4.87617677579594E-29,                          989P   1182
-6.98296267768627E-15,-1.,-19.9999999999993;                         989P   1183
100,-10.,0.,100.,8.5,100.,-8.5,100.;                                 991P   1184
126,1,1,1,0,1,0,0.,0.,1.,1.,1.,1.,1.,0.,0.,0.,0.,0.,0.,1.,0.,        993P   1185
0.,1.;                                                               993P   1186
110,8.5,100.,-10.,8.5,100.,-80.;                                     995P   1187
102,4,979,983,987,993;                                               997P   1188
102,4,981,985,991,995;                                               999P   1189
142,1,977,997,999,1;                                                1001P   1190
144,977,1,0,1001;                                                   1003P   1191
110,90.,100.,-90.,-910.,100.,-90.;                                  1005P   1192
110,90.,100.,-81.5,10.,100.,-81.5;                                  1007P   1193
120,1005,1007,0.,6.28318530717959;                                  1009P   1194
126,1,1,1,0,1,0,0.,0.,1.,1.,1.,1.,0.,0.,0.,0.,3.141592654,0.,       1011P   1195
0.,1.,0.,0.,1.;                                                     1011P   1196
124,-7.04419501764363E-15,0.,-1.,6.29576864016394E-13,0.,1.,0.,     1013P   1197
0.,1.,0.,-7.04419501764363E-15,-180.000000000001;                   1013P   1198
100,-90.,90.,100.,98.5,100.,81.5,100.;                              1015P   1199
126,1,1,1,0,1,0,0.,0.,1.,1.,1.,1.,0.,3.141592654,0.,1.,             1017P   1200
3.141592654,0.,0.,1.,0.,0.,1.;                                      1017P   1201
110,90.,100.,-98.5,10.,100.,-98.5;                                  1019P   1202
126,1,1,1,0,1,0,0.,0.,1.,1.,1.,1.,1.,3.141592654,0.,1.,0.,0.,       1021P   1203
0.,1.,0.,0.,1.;                                                     1021P   1204
124,6.12323399573677E-17,0.,1.,100.,0.,1.,0.,0.,-1.,0.,             1023P   1205
6.12323399573677E-17,-80.;                                          1023P   1206
100,-90.,10.,100.,18.5,100.,1.5,100.;                               1025P   1207
126,1,1,1,0,1,0,0.,0.,1.,1.,1.,1.,1.,0.,0.,0.,0.,0.,0.,1.,0.,       1027P   1208
0.,1.;                                                              1027P   1209
110,10.,100.,-81.5,90.,100.,-81.5;                                  1029P   1210
102,4,1011,1017,1021,1027;                                          1031P   1211
102,4,1015,1019,1025,1029;                                          1033P   1212
142,1,1009,1031,1033,1;                                             1035P   1213
144,1009,1,0,1035;                                                  1037P   1214
110,100.,100.,0.,100.,100.,-1000.;                                  1039P   1215
110,91.5,100.,0.,91.5,100.,-80.;                                    1041P   1216
120,1039,1041,0.,6.28318530717959;                                  1043P   1217
126,1,1,1,0,1,0,0.,0.,1.,1.,1.,1.,0.,1.570796327,0.,0.,             1045P   1218
3.141592654,0.,0.,1.,0.,0.,1.;                                      1045P   1219
124,6.12323399573677E-17,1.,0.,0.,1.,-6.12323399573677E-17,         1047P   1220
-6.98296267768627E-15,0.,-6.98296267768627E-15,                     1047P   1221
4.27583144589696E-31,-1.,0.;                                        1047P   1222
100,0.,100.,100.,108.5,100.,100.,108.5;                             1049P   1223
126,1,1,1,0,1,0,0.,0.,1.,1.,1.,1.,0.,3.141592654,0.,1.,             1051P   1224
3.141592654,0.,0.,1.,0.,0.,1.;                                      1051P   1225
110,108.5,100.,0.,108.5,100.,-80.;                                  1053P   1226
126,1,1,1,0,1,0,0.,0.,1.,1.,1.,1.,1.,3.141592654,0.,1.,0.,0.,       1055P   1227
0.,1.,0.,0.,1.;                                                     1055P   1228
100,-80.,100.,100.,108.5,100.,91.5,100.;                            1057P   1229
126,1,1,1,0,1,0,0.,0.,1.,1.,1.,1.,1.,0.,0.,0.,0.,0.,0.,1.,0.,       1059P   1230
0.,1.;                                                              1059P   1231
110,91.5,100.,-80.,91.5,100.,0.;                                    1061P   1232
126,1,1,1,0,1,0,0.,0.,1.,1.,1.,1.,0.,0.,0.,0.,1.570796327,0.,       1063P   1233
0.,1.,0.,0.,1.;                                                     1063P   1234
124,-1.,-4.31408307542741E-31,6.98296267768627E-15,200.,            1065P   1235
4.31408307542741E-31,1.,1.22464679914735E-16,                       1065P   1236
1.85940534514312E-30,-6.98296267768627E-15,                         1065P   1237
1.22464679914735E-16,-1.,6.7686610572044E-13;                       1065P   1238
100,0.,100.,100.,108.5,100.,100.,108.5;                             1067P   1239
102,5,1045,1051,1055,1059,1063;                                     1069P   1240
102,5,1049,1053,1057,1061,1067;                                     1071P   1241
142,1,1043,1069,1071,1;                                             1073P   1242
144,1043,1,0,1073;                                                  1075P   1243
110,100.,10.,10.,100.,1010.,10.;                                    1077P   1244
110,100.,10.,18.5,100.,90.,18.5;                                    1079P   1245
120,1077,1079,0.,6.28318530717959;                                  1081P   1246
126,1,1,1,0,1,0,0.,0.,1.,1.,1.,1.,0.,0.,0.,0.,3.141592654,0.,       1083P   1247
0.,1.,0.,0.,1.;                                                     1083P   1248
124,1.40271576953299E-14,1.,0.,89.9999999999986,                    1085P   1249
-6.12323399573677E-17,8.58915688636046E-31,1.,                      1085P   1250
5.51091059616308E-15,1.,-1.40271576953299E-14,                      1085P   1251
6.12323399573677E-17,-89.9999999999999;                             1085P   1252
100,10.,100.,10.,108.5,10.,91.5,10.;                                1087P   1253
126,1,1,1,0,1,0,0.,0.,1.,1.,1.,1.,0.,3.141592654,0.,1.,             1089P   1254
3.141592654,0.,0.,1.,0.,0.,1.;                                      1089P   1255
110,100.,10.,1.5,100.,90.,1.5;                                      1091P   1256
126,1,1,1,0,1,0,0.,0.,1.,1.,1.,1.,1.,3.141592654,0.,1.,0.,0.,       1093P   1257
0.,1.,0.,0.,1.;                                                     1093P   1258
124,1.40271576953299E-14,1.,0.,9.99999999999861,                    1095P   1259
-6.12323399573677E-17,8.58915688636046E-31,-1.,100.,-1.,            1095P   1260
1.40271576953299E-14,6.12323399573677E-17,109.999999999999;         1095P   1261
100,10.,100.,90.,108.5,90.,91.5,90.;                                1097P   1262
126,1,1,1,0,1,0,0.,0.,1.,1.,1.,1.,1.,0.,0.,0.,0.,0.,0.,1.,0.,       1099P   1263
0.,1.;                                                              1099P   1264
110,100.,90.,18.5,100.,10.,18.5;                                    1101P   1265
102,4,1083,1089,1093,1099;                                          1103P   1266
102,4,1087,1091,1097,1101;                                          1105P   1267
142,1,1081,1103,1105,1;                                             1107P   1268
144,1081,1,0,1107;                                                  1109P   1269
110,100.,0.,-90.,100.,0.,910.;                                      1111P   1270
110,108.5,0.,-90.,108.5,0.,0.;                                      1113P   1271
120,1111,1113,0.,6.28318530717959;                                  1115P   1272
126,1,1,1,0,1,0,0.,0.,1.,1.,1.,1.,0.,0.,0.,0.,3.141592654,0.,       1117P   1273
0.,1.,0.,0.,1.;                                                     1117P   1274
100,-90.,100.,0.,108.5,0.,91.5,0.;                                  1119P   1275
126,1,1,1,0,1,0,0.,0.,1.,1.,1.,1.,0.,3.141592654,0.,1.,             1121P   1276
3.141592654,0.,0.,1.,0.,0.,1.;                                      1121P   1277
110,91.5,0.,-90.,91.5,0.,0.;                                        1123P   1278
126,1,1,1,0,1,0,0.,0.,1.,1.,1.,1.,1.,3.141592654,0.,1.,             1125P   1279
1.570796327,0.,0.,1.,0.,0.,1.;                                      1125P   1280
124,-1.,0.,6.98296267768627E-15,200.,0.,1.,                         1127P   1281
1.45011195812686E-30,1.09310515241648E-42,                          1127P   1282
-6.98296267768627E-15,1.45011195812686E-30,-1.,                     1127P   1283
5.87273965306111E-13;                                               1127P   1284
100,0.,100.,0.,108.5,0.,100.,8.5;                                   1129P   1285
126,1,1,1,0,1,0,0.,0.,1.,1.,1.,1.,1.,1.570796327,0.,1.,0.,0.,       1131P   1286
0.,1.,0.,0.,1.;                                                     1131P   1287
124,6.12323399573677E-17,1.,0.,100.,1.,-6.12323399573677E-17,       1133P   1288
-6.98296267768627E-15,-100.,-6.98296267768627E-15,                  1133P   1289
4.27583144589696E-31,-1.,5.87273965306111E-13;                      1133P   1290
100,0.,100.,0.,108.5,0.,100.,8.5;                                   1135P   1291
126,1,1,1,0,1,0,0.,0.,1.,1.,1.,1.,1.,0.,0.,0.,0.,0.,0.,1.,0.,       1137P   1292
0.,1.;                                                              1137P   1293
110,108.5,0.,0.,108.5,0.,-90.;                                      1139P   1294
102,5,1117,1121,1125,1131,1137;                                     1141P   1295
102,5,1119,1123,1129,1135,1139;                                     1143P   1296
142,1,1115,1141,1143,1;                                             1145P   1297
144,1115,1,0,1145;                                                  1147P   1298
110,10.,0.,-100.,1010.,0.,-100.;                                    1149P   1299
110,10.,0.,-108.5,90.,0.,-108.5;                                    1151P   1300
120,1149,1151,0.,6.28318530717959;                                  1153P   1301
126,1,1,1,0,1,0,0.,0.,1.,1.,1.,1.,0.,0.,0.,0.,3.141592654,0.,       1155P   1302
0.,1.,0.,0.,1.;                                                     1155P   1303
124,6.12323399573677E-17,0.,1.,110.,0.,1.,0.,0.,-1.,0.,             1157P   1304
6.12323399573677E-17,-90.;                                          1157P   1305
100,-100.,10.,0.,18.5,0.,1.5,0.;                                    1159P   1306
126,1,1,1,0,1,0,0.,0.,1.,1.,1.,1.,0.,3.141592654,0.,1.,             1161P   1307
3.141592654,0.,0.,1.,0.,0.,1.;                                      1161P   1308
110,10.,0.,-91.5,90.,0.,-91.5;                                      1163P   1309
126,1,1,1,0,1,0,0.,0.,1.,1.,1.,1.,1.,3.141592654,0.,1.,0.,0.,       1165P   1310
0.,1.,0.,0.,1.;                                                     1165P   1311
124,6.12323399573677E-17,0.,-1.,-10.,0.,1.,0.,0.,1.,0.,             1167P   1312
6.12323399573677E-17,-190.;                                         1167P   1313
100,-100.,90.,0.,98.5,0.,81.5,0.;                                   1169P   1314
126,1,1,1,0,1,0,0.,0.,1.,1.,1.,1.,1.,0.,0.,0.,0.,0.,0.,1.,0.,       1171P   1315
0.,1.;                                                              1171P   1316
110,90.,0.,-108.5,10.,0.,-108.5;                                    1173P   1317
102,4,1155,1161,1165,1171;                                          1175P   1318
102,4,1159,1163,1169,1173;                                          1177P   1319
142,1,1153,1175,1177,1;                                             1179P   1320
144,1153,1,0,1179;                                                  1181P   1321
110,0.,0.,0.,0.,0.,-1000.;                                          1183P   1322
110,-8.5,0.,0.,-8.5,0.,-90.;                                        1185P   1323
120,1183,1185,0.,6.28318530717959;                                  1187P   1324
126,1,1,1,0,1,0,0.,0.,1.,1.,1.,1.,0.,0.,0.,0.,3.141592654,0.,       1189P   1325
0.,1.,0.,0.,1.;                                                     1189P   1326
124,-1.,-7.22789203751574E-15,8.55166289179392E-31,0.,              1191P   1327
-7.22789203751574E-15,1.,-6.98296267768627E-15,0.,                  1191P   1328
4.96169340471388E-29,-6.98296267768627E-15,-1.,0.;                  1191P   1329
100,0.,0.,0.,8.5,0.,-8.5,0.;                                        1193P   1330
126,1,1,1,0,1,0,0.,0.,1.,1.,1.,1.,0.,3.141592654,0.,1.,             1195P   1331
3.141592654,0.,0.,1.,0.,0.,1.;                                      1195P   1332
110,8.5,0.,0.,8.5,0.,-90.;                                          1197P   1333
126,1,1,1,0,1,0,0.,0.,1.,1.,1.,1.,1.,3.141592654,0.,1.,0.,0.,       1199P   1334
0.,1.,0.,0.,1.;                                                     1199P   1335
100,-90.,0.,0.,8.5,0.,-8.5,0.;                                      1201P   1336
126,1,1,1,0,1,0,0.,0.,1.,1.,1.,1.,1.,0.,0.,0.,0.,0.,0.,1.,0.,       1203P   1337
0.,1.;                                                              1203P   1338
110,-8.5,0.,-90.,-8.5,0.,0.;                                        1205P   1339
102,4,1189,1195,1199,1203;                                          1207P   1340
102,4,1193,1197,1201,1205;                                          1209P   1341
142,1,1187,1207,1209,1;                                             1211P   1342
144,1187,1,0,1211;                                                  1213P   1343
128,1,1,1,1,0,0,1,0,0,0.,0.,1.,1.,0.,0.,1.,1.,1.,1.,1.,1.,          1215P   1344
-8.602,-8.602,0.,8.602,-8.602,0.,-8.602,8.602,0.,8.602,8.602,       1215P   1345
0.,0.,1.,0.,1.;                                                     1215P   1346
126,32,2,1,0,1,0,0.,0.,0.,0.0625,0.0625,0.125,0.125,0.1875,         1217P   1347
0.1875,0.25,0.25,0.3125,0.3125,0.375,0.375,0.4375,0.4375,0.5,       1217P   1348
0.5,0.5625,0.5625,0.625,0.625,0.6875,0.6875,0.75,0.75,0.8125,       1217P   1349
0.8125,0.875,0.875,0.9375,0.9375,1.,1.,1.,1.,1.,1.,1.,1.,1.,1.,     1217P   1350
1.,1.,1.,1.,1.,1.,1.,1.,1.,1.,1.,1.,1.,1.,1.,1.,1.,1.,1.,1.,1.,     1217P   1351
1.,1.,1.,1.,1.,0.005928854,0.5,0.,0.005928854,0.451338239,0.,       1217P   1352
0.015422292,0.403611501,0.,0.024915731,0.355884763,0.,              1217P   1353
0.04353778,0.310927158,0.,0.06215983,0.265969553,0.,                1217P   1354
0.089194856,0.225508778,0.,0.116229881,0.185048003,0.,              1217P   1355
0.150638942,0.150638942,0.,0.185048003,0.116229881,0.,              1217P   1356
0.225508778,0.089194856,0.,0.265969553,0.06215983,0.,               1217P   1357
0.310927158,0.04353778,0.,0.355884763,0.024915731,0.,               1217P   1358
0.403611501,0.015422292,0.,0.451338239,0.005928854,0.,0.5,          1217P   1359
0.005928854,0.,0.548661761,0.005928854,0.,0.596388499,              1217P   1360
0.015422292,0.,0.644115237,0.024915731,0.,0.689072842,              1217P   1361
0.04353778,0.,0.734030447,0.06215983,0.,0.774491222,                1217P   1362
0.089194856,0.,0.814951997,0.116229881,0.,0.849361058,              1217P   1363
0.150638942,0.,0.883770119,0.185048003,0.,0.910805144,              1217P   1364
0.225508778,0.,0.93784017,0.265969553,0.,0.95646222,                1217P   1365
0.310927158,0.,0.975084269,0.355884763,0.,0.984577708,              1217P   1366
0.403611501,0.,0.994071146,0.451338239,0.,0.994071146,0.5,0.,       1217P   1367
0.,1.,0.,0.,-1.;                                                    1217P   1368
100,0.,0.,0.,-8.5,0.,8.5,0.;                                        1219P   1369
126,32,2,1,0,1,0,0.,0.,0.,0.0625,0.0625,0.125,0.125,0.1875,         1221P   1370
0.1875,0.25,0.25,0.3125,0.3125,0.375,0.375,0.4375,0.4375,0.5,       1221P   1371
0.5,0.5625,0.5625,0.625,0.625,0.6875,0.6875,0.75,0.75,0.8125,       1221P   1372
0.8125,0.875,0.875,0.9375,0.9375,1.,1.,1.,1.,1.,1.,1.,1.,1.,1.,     1221P   1373
1.,1.,1.,1.,1.,1.,1.,1.,1.,1.,1.,1.,1.,1.,1.,1.,1.,1.,1.,1.,1.,     1221P   1374
1.,1.,1.,1.,1.,0.994071146,0.5,0.,0.994071146,0.548661761,0.,       1221P   1375
0.984577708,0.596388499,0.,0.975084269,0.644115237,0.,              1221P   1376
0.95646222,0.689072842,0.,0.93784017,0.734030447,0.,                1221P   1377
0.910805144,0.774491222,0.,0.883770119,0.814951997,0.,              1221P   1378
0.849361058,0.849361058,0.,0.814951997,0.883770119,0.,              1221P   1379
0.774491222,0.910805144,0.,0.734030447,0.93784017,0.,               1221P   1380
0.689072842,0.95646222,0.,0.644115237,0.975084269,0.,               1221P   1381
0.596388499,0.984577708,0.,0.548661761,0.994071146,0.,0.5,          1221P   1382
0.994071146,0.,0.451338239,0.994071146,0.,0.403611501,              1221P   1383
0.984577708,0.,0.355884763,0.975084269,0.,0.310927158,              1221P   1384
0.95646222,0.,0.265969553,0.93784017,0.,0.225508778,                1221P   1385
0.910805144,0.,0.185048003,0.883770119,0.,0.150638942,              1221P   1386
0.849361058,0.,0.116229881,0.814951997,0.,0.089194856,              1221P   1387
0.774491222,0.,0.06215983,0.734030447,0.,0.04353778,                1221P   1388
0.689072842,0.,0.024915731,0.644115237,0.,0.015422292,              1221P   1389
0.596388499,0.,0.005928854,0.548661761,0.,0.005928854,0.5,0.,       1221P   1390
0.,1.,0.,0.,-1.;                                                    1221P   1391
100,0.,0.,0.,8.5,0.,-8.5,0.;                                        1223P   1392
102,2,1217,1221;                                                    1225P   1393
102,2,1219,1223;                                                    1227P   1394
142,1,1215,1225,1227,1;                                             1229P   1395
126,32,2,1,0,1,0,0.,0.,0.,0.0625,0.0625,0.125,0.125,0.1875,         1231P   1396
0.1875,0.25,0.25,0.3125,0.3125,0.375,0.375,0.4375,0.4375,0.5,       1231P   1397
0.5,0.5625,0.5625,0.625,0.625,0.6875,0.6875,0.75,0.75,0.8125,       1231P   1398
0.8125,0.875,0.875,0.9375,0.9375,1.,1.,1.,1.,1.,1.,1.,1.,1.,1.,     1231P   1399
1.,1.,1.,1.,1.,1.,1.,1.,1.,1.,1.,1.,1.,1.,1.,1.,1.,1.,1.,1.,1.,     1231P   1400
1.,1.,1.,1.,1.,0.935945129,0.5,0.,0.935945129,0.457063152,0.,       1231P   1401
0.927568566,0.414951324,0.,0.919192002,0.372839496,0.,              1231P   1402
0.902760782,0.333171022,0.,0.886329562,0.293502547,0.,              1231P   1403
0.862475127,0.257801863,0.,0.838620693,0.222101179,0.,              1231P   1404
0.808259757,0.191740243,0.,0.777898821,0.161379307,0.,              1231P   1405
0.742198137,0.137524873,0.,0.706497453,0.113670438,0.,              1231P   1406
0.666828978,0.097239218,0.,0.627160504,0.080807998,0.,              1231P   1407
0.585048676,0.072431434,0.,0.542936848,0.064054871,0.,0.5,          1231P   1408
0.064054871,0.,0.457063152,0.064054871,0.,0.414951324,              1231P   1409
0.072431434,0.,0.372839496,0.080807998,0.,0.333171022,              1231P   1410
0.097239218,0.,0.293502547,0.113670438,0.,0.257801863,              1231P   1411
0.137524873,0.,0.222101179,0.161379307,0.,0.191740243,              1231P   1412
0.191740243,0.,0.161379307,0.222101179,0.,0.137524873,              1231P   1413
0.257801863,0.,0.113670438,0.293502547,0.,0.097239218,              1231P   1414
0.333171022,0.,0.080807998,0.372839496,0.,0.072431434,              1231P   1415
0.414951324,0.,0.064054871,0.457063152,0.,0.064054871,0.5,0.,       1231P   1416
0.,1.,0.,0.,1.;                                                     1231P   1417
124,1.,-7.105427357601E-15,0.,0.,-7.105427357601E-15,-1.,           1233P   1418
6.98296267768627E-15,0.,-4.96169340471387E-29,                      1233P   1419
-6.98296267768627E-15,-1.,0.;                                       1233P   1420
100,0.,0.,0.,7.5,0.,-7.5,0.;                                        1235P   1421
126,32,2,1,0,1,0,0.,0.,0.,0.0625,0.0625,0.125,0.125,0.1875,         1237P   1422
0.1875,0.25,0.25,0.3125,0.3125,0.375,0.375,0.4375,0.4375,0.5,       1237P   1423
0.5,0.5625,0.5625,0.625,0.625,0.6875,0.6875,0.75,0.75,0.8125,       1237P   1424
0.8125,0.875,0.875,0.9375,0.9375,1.,1.,1.,1.,1.,1.,1.,1.,1.,1.,     1237P   1425
1.,1.,1.,1.,1.,1.,1.,1.,1.,1.,1.,1.,1.,1.,1.,1.,1.,1.,1.,1.,1.,     1237P   1426
1.,1.,1.,1.,1.,0.064054871,0.5,0.,0.064054871,0.542936848,0.,       1237P   1427
0.072431434,0.585048676,0.,0.080807998,0.627160504,0.,              1237P   1428
0.097239218,0.666828978,0.,0.113670438,0.706497453,0.,              1237P   1429
0.137524873,0.742198137,0.,0.161379307,0.777898821,0.,              1237P   1430
0.191740243,0.808259757,0.,0.222101179,0.838620693,0.,              1237P   1431
0.257801863,0.862475127,0.,0.293502547,0.886329562,0.,              1237P   1432
0.333171022,0.902760782,0.,0.372839496,0.919192002,0.,              1237P   1433
0.414951324,0.927568566,0.,0.457063152,0.935945129,0.,0.5,          1237P   1434
0.935945129,0.,0.542936848,0.935945129,0.,0.585048676,              1237P   1435
0.927568566,0.,0.627160504,0.919192002,0.,0.666828978,              1237P   1436
0.902760782,0.,0.706497453,0.886329562,0.,0.742198137,              1237P   1437
0.862475127,0.,0.777898821,0.838620693,0.,0.808259757,              1237P   1438
0.808259757,0.,0.838620693,0.777898821,0.,0.862475127,              1237P   1439
0.742198137,0.,0.886329562,0.706497453,0.,0.902760782,              1237P   1440
0.666828978,0.,0.919192002,0.627160504,0.,0.927568566,              1237P   1441
0.585048676,0.,0.935945129,0.542936848,0.,0.935945129,0.5,0.,       1237P   1442
0.,1.,0.,0.,1.;                                                     1237P   1443
124,-1.,-7.22789203751574E-15,8.55166289179392E-31,0.,              1239P   1444
-7.22789203751574E-15,1.,-6.98296267768627E-15,0.,                  1239P   1445
4.96169340471388E-29,-6.98296267768627E-15,-1.,0.;                  1239P   1446
100,0.,0.,0.,7.5,0.,-7.5,0.;                                        1241P   1447
102,2,1231,1237;                                                    1243P   1448
102,2,1235,1241;                                                    1245P   1449
142,1,1215,1243,1245,1;                                             1247P   1450
144,1215,1,1,1229,1247;                                             1249P   1451
128,1,1,1,1,0,0,1,0,0,0.,0.,1.,1.,0.,0.,1.,1.,1.,1.,1.,1.,          1251P   1452
58.602,50.,8.602,58.602,50.,-8.602,41.398,50.,8.602,41.398,50.,     1251P   1453
-8.602,0.,1.,0.,1.;                                                 1251P   1454
126,32,2,1,0,1,0,0.,0.,0.,0.0625,0.0625,0.125,0.125,0.1875,         1253P   1455
0.1875,0.25,0.25,0.3125,0.3125,0.375,0.375,0.4375,0.4375,0.5,       1253P   1456
0.5,0.5625,0.5625,0.625,0.625,0.6875,0.6875,0.75,0.75,0.8125,       1253P   1457
0.8125,0.875,0.875,0.9375,0.9375,1.,1.,1.,1.,1.,1.,1.,1.,1.,1.,     1253P   1458
1.,1.,1.,1.,1.,1.,1.,1.,1.,1.,1.,1.,1.,1.,1.,1.,1.,1.,1.,1.,1.,     1253P   1459
1.,1.,1.,1.,1.,0.005928854,0.5,0.,0.005928854,0.451338239,0.,       1253P   1460
0.015422292,0.403611501,0.,0.024915731,0.355884763,0.,              1253P   1461
0.04353778,0.310927158,0.,0.06215983,0.265969553,0.,                1253P   1462
0.089194856,0.225508778,0.,0.116229881,0.185048003,0.,              1253P   1463
0.150638942,0.150638942,0.,0.185048003,0.116229881,0.,              1253P   1464
0.225508778,0.089194856,0.,0.265969553,0.06215983,0.,               1253P   1465
0.310927158,0.04353778,0.,0.355884763,0.024915731,0.,               1253P   1466
0.403611501,0.015422292,0.,0.451338239,0.005928854,0.,0.5,          1253P   1467
0.005928854,0.,0.548661761,0.005928854,0.,0.596388499,              1253P   1468
0.015422292,0.,0.644115237,0.024915731,0.,0.689072842,              1253P   1469
0.04353778,0.,0.734030447,0.06215983,0.,0.774491222,                1253P   1470
0.089194856,0.,0.814951997,0.116229881,0.,0.849361058,              1253P   1471
0.150638942,0.,0.883770119,0.185048003,0.,0.910805144,              1253P   1472
0.225508778,0.,0.93784017,0.265969553,0.,0.95646222,                1253P   1473
0.310927158,0.,0.975084269,0.355884763,0.,0.984577708,              1253P   1474
0.403611501,0.,0.994071146,0.451338239,0.,0.994071146,0.5,0.,       1253P   1475
0.,1.,0.,0.,-1.;                                                    1253P   1476
124,1.40271576953299E-14,1.,0.,-7.01357884766485E-13,               1255P   1477
-6.12323399573677E-17,8.58915688636046E-31,1.,50.,1.,               1255P   1478
-1.40271576953299E-14,6.12323399573677E-17,-49.9999999999993;       1255P   1479
100,0.,50.,50.,58.5,50.,41.5,50.;                                   1257P   1480
126,32,2,1,0,1,0,0.,0.,0.,0.0625,0.0625,0.125,0.125,0.1875,         1259P   1481
0.1875,0.25,0.25,0.3125,0.3125,0.375,0.375,0.4375,0.4375,0.5,       1259P   1482
0.5,0.5625,0.5625,0.625,0.625,0.6875,0.6875,0.75,0.75,0.8125,       1259P   1483
0.8125,0.875,0.875,0.9375,0.9375,1.,1.,1.,1.,1.,1.,1.,1.,1.,1.,     1259P   1484
1.,1.,1.,1.,1.,1.,1.,1.,1.,1.,1.,1.,1.,1.,1.,1.,1.,1.,1.,1.,1.,     1259P   1485
1.,1.,1.,1.,1.,0.994071146,0.5,0.,0.994071146,0.548661761,0.,       1259P   1486
0.984577708,0.596388499,0.,0.975084269,0.644115237,0.,              1259P   1487
0.95646222,0.689072842,0.,0.93784017,0.734030447,0.,                1259P   1488
0.910805144,0.774491222,0.,0.883770119,0.814951997,0.,              1259P   1489
0.849361058,0.849361058,0.,0.814951997,0.883770119,0.,              1259P   1490
0.774491222,0.910805144,0.,0.734030447,0.93784017,0.,               1259P   1491
0.689072842,0.95646222,0.,0.644115237,0.975084269,0.,               1259P   1492
0.596388499,0.984577708,0.,0.548661761,0.994071146,0.,0.5,          1259P   1493
0.994071146,0.,0.451338239,0.994071146,0.,0.403611501,              1259P   1494
0.984577708,0.,0.355884763,0.975084269,0.,0.310927158,              1259P   1495
0.95646222,0.,0.265969553,0.93784017,0.,0.225508778,                1259P   1496
0.910805144,0.,0.185048003,0.883770119,0.,0.150638942,              1259P   1497
0.849361058,0.,0.116229881,0.814951997,0.,0.089194856,              1259P   1498
0.774491222,0.,0.06215983,0.734030447,0.,0.04353778,                1259P   1499
0.689072842,0.,0.024915731,0.644115237,0.,0.015422292,              1259P   1500
0.596388499,0.,0.005928854,0.548661761,0.,0.005928854,0.5,0.,       1259P   1501
0.,1.,0.,0.,-1.;                                                    1259P   1502
124,6.12323399573677E-17,-1.,0.,100.,6.12323399573677E-17,          1261P   1503
3.74939945665464E-33,1.,50.,-1.,-6.12323399573677E-17,              1261P   1504
6.12323399573677E-17,50.;                                           1261P   1505
100,0.,50.,50.,58.5,50.,41.5,50.;                                   1263P   1506
102,2,1253,1259;                                                    1265P   1507
102,2,1257,1263;                                                    1267P   1508
142,1,1251,1265,1267,1;                                             1269P   1509
126,32,2,1,0,1,0,0.,0.,0.,0.0625,0.0625,0.125,0.125,0.1875,         1271P   1510
0.1875,0.25,0.25,0.3125,0.3125,0.375,0.375,0.4375,0.4375,0.5,       1271P   1511
0.5,0.5625,0.5625,0.625,0.625,0.6875,0.6875,0.75,0.75,0.8125,       1271P   1512
0.8125,0.875,0.875,0.9375,0.9375,1.,1.,1.,1.,1.,1.,1.,1.,1.,1.,     1271P   1513
1.,1.,1.,1.,1.,1.,1.,1.,1.,1.,1.,1.,1.,1.,1.,1.,1.,1.,1.,1.,1.,     1271P   1514
1.,1.,1.,1.,1.,0.935945129,0.5,0.,0.935945129,0.457063152,0.,       1271P   1515
0.927568566,0.414951324,0.,0.919192002,0.372839496,0.,              1271P   1516
0.902760782,0.333171022,0.,0.886329562,0.293502547,0.,              1271P   1517
0.862475127,0.257801863,0.,0.838620693,0.222101179,0.,              1271P   1518
0.808259757,0.191740243,0.,0.777898821,0.161379307,0.,              1271P   1519
0.742198137,0.137524873,0.,0.706497453,0.113670438,0.,              1271P   1520
0.666828978,0.097239218,0.,0.627160504,0.080807998,0.,              1271P   1521
0.585048676,0.072431434,0.,0.542936848,0.064054871,0.,0.5,          1271P   1522
0.064054871,0.,0.457063152,0.064054871,0.,0.414951324,              1271P   1523
0.072431434,0.,0.372839496,0.080807998,0.,0.333171022,              1271P   1524
0.097239218,0.,0.293502547,0.113670438,0.,0.257801863,              1271P   1525
0.137524873,0.,0.222101179,0.161379307,0.,0.191740243,              1271P   1526
0.191740243,0.,0.161379307,0.222101179,0.,0.137524873,              1271P   1527
0.257801863,0.,0.113670438,0.293502547,0.,0.097239218,              1271P   1528
0.333171022,0.,0.080807998,0.372839496,0.,0.072431434,              1271P   1529
0.414951324,0.,0.064054871,0.457063152,0.,0.064054871,0.5,0.,       1271P   1530
0.,1.,0.,0.,1.;                                                     1271P   1531
124,1.40271576953299E-14,1.,0.,-7.01357884766485E-13,               1273P   1532
-6.12323399573677E-17,8.58915688636046E-31,-1.,50.,-1.,             1273P   1533
1.40271576953299E-14,6.12323399573677E-17,49.9999999999993;         1273P   1534
100,0.,50.,50.,57.5,50.,42.5,50.;                                   1275P   1535
126,32,2,1,0,1,0,0.,0.,0.,0.0625,0.0625,0.125,0.125,0.1875,         1277P   1536
0.1875,0.25,0.25,0.3125,0.3125,0.375,0.375,0.4375,0.4375,0.5,       1277P   1537
0.5,0.5625,0.5625,0.625,0.625,0.6875,0.6875,0.75,0.75,0.8125,       1277P   1538
0.8125,0.875,0.875,0.9375,0.9375,1.,1.,1.,1.,1.,1.,1.,1.,1.,1.,     1277P   1539
1.,1.,1.,1.,1.,1.,1.,1.,1.,1.,1.,1.,1.,1.,1.,1.,1.,1.,1.,1.,1.,     1277P   1540
1.,1.,1.,1.,1.,0.064054871,0.5,0.,0.064054871,0.542936848,0.,       1277P   1541
0.072431434,0.585048676,0.,0.080807998,0.627160504,0.,              1277P   1542
0.097239218,0.666828978,0.,0.113670438,0.706497453,0.,              1277P   1543
0.137524873,0.742198137,0.,0.161379307,0.777898821,0.,              1277P   1544
0.191740243,0.808259757,0.,0.222101179,0.838620693,0.,              1277P   1545
0.257801863,0.862475127,0.,0.293502547,0.886329562,0.,              1277P   1546
0.333171022,0.902760782,0.,0.372839496,0.919192002,0.,              1277P   1547
0.414951324,0.927568566,0.,0.457063152,0.935945129,0.,0.5,          1277P   1548
0.935945129,0.,0.542936848,0.935945129,0.,0.585048676,              1277P   1549
0.927568566,0.,0.627160504,0.919192002,0.,0.666828978,              1277P   1550
0.902760782,0.,0.706497453,0.886329562,0.,0.742198137,              1277P   1551
0.862475127,0.,0.777898821,0.838620693,0.,0.808259757,              1277P   1552
0.808259757,0.,0.838620693,0.777898821,0.,0.862475127,              1277P   1553
0.742198137,0.,0.886329562,0.706497453,0.,0.902760782,              1277P   1554
0.666828978,0.,0.919192002,0.627160504,0.,0.927568566,              1277P   1555
0.585048676,0.,0.935945129,0.542936848,0.,0.935945129,0.5,0.,       1277P   1556
0.,1.,0.,0.,1.;                                                     1277P   1557
124,6.12323399573677E-17,-1.,0.,100.,6.12323399573677E-17,          1279P   1558
3.74939945665464E-33,-1.,50.,1.,6.12323399573677E-17,               1279P   1559
6.12323399573677E-17,-50.;                                          1279P   1560
100,0.,50.,50.,57.5,50.,42.5,50.;                                   1281P   1561
102,2,1271,1277;                                                    1283P   1562
102,2,1275,1281;                                                    1285P   1563
142,1,1251,1283,1285,1;                                             1287P   1564
144,1251,1,1,1269,1287;                                             1289P   1565
110,0.,0.,0.,0.,0.,-1000.;                                          1291P   1566
110,-8.5,0.,0.,-8.5,0.,-90.;                                        1293P   1567
120,1291,1293,0.,6.28318530717959;                                  1295P   1568
126,1,1,1,0,1,0,0.,0.,1.,1.,1.,1.,1.,3.141592654,0.,0.,             1297P   1569
3.141592654,0.,0.,1.,0.,0.,1.;                                      1297P   1570
110,8.5,0.,-90.,8.5,0.,0.;                                          1299P   1571
126,1,1,1,0,1,0,0.,0.,1.,1.,1.,1.,0.,3.141592654,0.,0.,             1301P   1572
6.283185307,0.,0.,1.,0.,0.,1.;                                      1301P   1573
124,1.,-7.105427357601E-15,0.,0.,-7.105427357601E-15,-1.,           1303P   1574
6.98296267768627E-15,0.,-4.96169340471387E-29,                      1303P   1575
-6.98296267768627E-15,-1.,0.;                                       1303P   1576
100,0.,0.,0.,8.5,0.,-8.5,0.;                                        1305P   1577
126,1,1,1,0,1,0,0.,0.,1.,1.,1.,1.,0.,6.283185307,0.,1.,             1307P   1578
6.283185307,0.,0.,1.,0.,0.,1.;                                      1307P   1579
110,-8.5,0.,0.,-8.5,0.,-90.;                                        1309P   1580
126,1,1,1,0,1,0,0.,0.,1.,1.,1.,1.,1.,6.283185307,0.,1.,             1311P   1581
3.141592654,0.,0.,1.,0.,0.,1.;                                      1311P   1582
100,-90.,0.,0.,-8.5,0.,8.5,0.;                                      1313P   1583
102,4,1297,1301,1307,1311;                                          1315P   1584
102,4,1299,1305,1309,1313;                                          1317P   1585
142,1,1295,1315,1317,1;                                             1319P   1586
144,1295,1,0,1319;                                                  1321P   1587
128,6,3,3,3,0,0,0,0,0,0.,0.,0.,0.,0.5,0.5,0.5,1.,1.,1.,1.,0.,       1323P   1588
0.,0.,0.,1.,1.,1.,1.,1.,0.780588314885163,0.780588314885163,1.,     1323P   1589
0.780588314885163,0.780588314885163,1.,0.804737854124363,           1323P   1590
0.628168965475239,0.628168965475239,0.804737854124363,              1323P   1591
0.628168965475239,0.628168965475239,0.804737854124363,              1323P   1592
0.804737854124363,0.628168965475239,0.628168965475239,              1323P   1593
0.804737854124363,0.628168965475239,0.628168965475239,              1323P   1594
0.804737854124363,1.,0.780588314885163,0.780588314885163,1.,        1323P   1595
0.780588314885163,0.780588314885163,1.,-8.457535405,                1323P   1596
-0.848584041,-90.,-8.994975438,4.507889663,-90.,-5.383368122,       1323P   1597
8.5,-90.,0.,8.5,-90.,5.383368122,8.5,-90.,8.994975438,              1323P   1598
4.507889663,-90.,8.457535405,-0.848584041,-90.,-8.457535405,        1323P   1599
-0.848584041,-100.812173912,-8.994975438,4.507889663,               1323P   1600
-101.126998994,-5.383368122,8.5,-99.011368411,0.,8.5,               1323P   1601
-95.857864376,5.383368122,8.5,-92.704360341,8.994975438,            1323P   1602
4.507889663,-90.588729758,8.457535405,-0.848584041,                 1323P   1603
-90.90355484,-0.812173912,-0.848584041,-108.457535405,              1323P   1604
-1.126998994,4.507889663,-108.994975438,0.988631589,8.5,            1323P   1605
-105.383368122,4.142135624,8.5,-100.,7.295639659,8.5,               1323P   1606
-94.616631878,9.411270242,4.507889663,-91.005024562,9.09644516,     1323P   1607
-0.848584041,-91.542464595,10.,-0.848584041,-108.457535405,10.,     1323P   1608
4.507889663,-108.994975438,10.,8.5,-105.383368122,10.,8.5,          1323P   1609
-100.,10.,8.5,-94.616631878,10.,4.507889663,-91.005024562,10.,      1323P   1610
-0.848584041,-91.542464595,0.,1.,0.,1.;                             1323P   1611
126,1,1,1,0,1,0,0.,0.,1.,1.,1.,1.,0.033007593,1.,0.,                1325P   1612
0.033007593,0.,0.,0.,1.,0.,0.,1.;                                   1325P   1613
124,6.12323399573677E-17,-1.,0.,10.,6.12323399573677E-17,           1327P   1614
3.74939945665464E-33,1.,90.,-1.,-6.12323399573677E-17,              1327P   1615
6.12323399573677E-17,-80.;                                          1327P   1616
100,-90.,10.,0.,28.5,0.,10.,18.5;                                   1329P   1617
126,1,1,1,0,1,0,0.,0.,1.,1.,1.,1.,0.033007593,0.,0.,                1331P   1618
0.966992407,0.,0.,0.,1.,0.,0.,1.;                                   1331P   1619
124,-1.,-7.22789203751574E-15,8.55166289179392E-31,                 1333P   1620
7.69649660261461E-29,-7.22789203751574E-15,1.,                      1333P   1621
-6.98296267768627E-15,-6.28466640991764E-13,                        1333P   1622
4.96169340471388E-29,-6.98296267768627E-15,-1.,-180.;               1333P   1623
100,-90.,0.,0.,8.5,0.,-8.5,0.;                                      1335P   1624
126,1,1,1,0,1,0,0.,0.,1.,1.,1.,1.,0.966992407,0.,0.,                1337P   1625
0.966992407,1.,0.,0.,1.,0.,0.,1.;                                   1337P   1626
124,-1.,-1.22464679914735E-16,0.,20.,7.49879891330929E-33,          1339P   1627
-6.12323399573677E-17,-1.,-90.,1.22464679914735E-16,-1.,            1339P   1628
6.12323399573677E-17,-90.;                                          1339P   1629
100,-90.,10.,0.,11.5,0.,10.,1.5;                                    1341P   1630
126,1,1,1,0,1,0,0.,0.,1.,1.,1.,1.,0.966992407,1.,0.,                1343P   1631
0.033007593,1.,0.,0.,1.,0.,0.,1.;                                   1343P   1632
124,6.12323399573677E-17,0.,-1.,-90.,0.,1.,0.,0.,1.,0.,             1345P   1633
6.12323399573677E-17,-110.;                                         1345P   1634
100,-100.,10.,0.,18.5,0.,1.5,0.;                                    1347P   1635
102,4,1325,1331,1337,1343;                                          1349P   1636
102,4,1329,1335,1341,1347;                                          1351P   1637
142,1,1323,1349,1351,1;                                             1353P   1638
144,1323,1,0,1353;                                                  1355P   1639
110,10.,0.,-100.,1010.,0.,-100.;                                    1357P   1640
110,10.,0.,-108.5,90.,0.,-108.5;                                    1359P   1641
120,1357,1359,0.,6.28318530717959;                                  1361P   1642
126,1,1,1,0,1,0,0.,0.,1.,1.,1.,1.,1.,3.141592654,0.,0.,             1363P   1643
3.141592654,0.,0.,1.,0.,0.,1.;                                      1363P   1644
110,90.,0.,-91.5,10.,0.,-91.5;                                      1365P   1645
126,1,1,1,0,1,0,0.,0.,1.,1.,1.,1.,0.,3.141592654,0.,0.,             1367P   1646
6.283185307,0.,0.,1.,0.,0.,1.;                                      1367P   1647
124,-6.12323399573677E-17,-7.49879891330929E-33,1.,110.,            1369P   1648
1.22464679914735E-16,-1.,0.,-1.22464679914735E-15,1.,               1369P   1649
1.22464679914735E-16,6.12323399573677E-17,-110.;                    1369P   1650
100,-100.,10.,0.,18.5,0.,1.5,0.;                                    1371P   1651
126,1,1,1,0,1,0,0.,0.,1.,1.,1.,1.,0.,6.283185307,0.,1.,             1373P   1652
6.283185307,0.,0.,1.,0.,0.,1.;                                      1373P   1653
110,10.,0.,-108.5,90.,0.,-108.5;                                    1375P   1654
126,1,1,1,0,1,0,0.,0.,1.,1.,1.,1.,1.,6.283185307,0.,1.,             1377P   1655
3.141592654,0.,0.,1.,0.,0.,1.;                                      1377P   1656
124,-6.12323399573677E-17,4.27583144589696E-31,-1.,-10.,            1379P   1657
-6.98296267768627E-15,-1.,0.,6.28466640991764E-13,-1.,              1379P   1658
6.98296267768627E-15,6.12323399573677E-17,-10.;                     1379P   1659
100,-100.,90.,0.,98.5,0.,81.5,0.;                                   1381P   1660
102,4,1363,1367,1373,1377;                                          1383P   1661
102,4,1365,1371,1375,1381;                                          1385P   1662
142,1,1361,1383,1385,1;                                             1387P   1663
144,1361,1,0,1387;                                                  1389P   1664
128,6,3,3,3,0,0,0,0,0,0.,0.,0.,0.,0.5,0.5,0.5,1.,1.,1.,1.,0.,       1391P   1665
0.,0.,0.,1.,1.,1.,1.,1.,0.780588314885163,0.780588314885163,1.,     1391P   1666
0.780588314885163,0.780588314885163,1.,0.804737854124364,           1391P   1667
0.628168965475239,0.628168965475239,0.804737854124364,              1391P   1668
0.628168965475239,0.628168965475239,0.804737854124364,              1391P   1669
0.804737854124364,0.628168965475239,0.628168965475239,              1391P   1670
0.804737854124364,0.628168965475239,0.628168965475239,              1391P   1671
0.804737854124364,1.,0.780588314885163,0.780588314885163,1.,        1391P   1672
0.780588314885163,0.780588314885163,1.,90.,-0.848584041,            1391P   1673
-108.457535405,90.,4.507889663,-108.994975438,90.,8.5,              1391P   1674
-105.383368122,90.,8.5,-100.,90.,8.5,-94.616631878,90.,             1391P   1675
4.507889663,-91.005024562,90.,-0.848584041,-91.542464595,           1391P   1676
100.812173912,-0.848584041,-108.457535405,101.126998994,            1391P   1677
4.507889663,-108.994975438,99.011368411,8.5,-105.383368122,         1391P   1678
95.857864376,8.5,-100.,92.704360341,8.5,-94.616631878,              1391P   1679
90.588729758,4.507889663,-91.005024562,90.90355484,                 1391P   1680
-0.848584041,-91.542464595,108.457535405,-0.848584041,              1391P   1681
-100.812173912,108.994975438,4.507889663,-101.126998994,            1391P   1682
105.383368122,8.5,-99.011368411,100.,8.5,-95.857864376,             1391P   1683
94.616631878,8.5,-92.704360341,91.005024562,4.507889663,            1391P   1684
-90.588729758,91.542464595,-0.848584041,-90.90355484,               1391P   1685
108.457535405,-0.848584041,-90.,108.994975438,4.507889663,-90.,     1391P   1686
105.383368122,8.5,-90.,100.,8.5,-90.,94.616631878,8.5,-90.,         1391P   1687
91.005024562,4.507889663,-90.,91.542464595,-0.848584041,-90.,       1391P   1688
0.,1.,0.,1.;                                                        1391P   1689
126,1,1,1,0,1,0,0.,0.,1.,1.,1.,1.,0.033007593,1.,0.,                1393P   1690
0.033007593,0.,0.,0.,1.,0.,0.,1.;                                   1393P   1691
124,1.,-1.39659253553725E-14,0.,5.94540852760499E-15,               1395P   1692
8.55166289179392E-31,6.12323399573677E-17,1.,90.,                   1395P   1693
-1.39659253553725E-14,-1.,6.12323399573677E-17,                     1395P   1694
-89.9999999999987;                                                  1395P   1695
100,-90.,90.,0.,108.5,0.,90.,18.5;                                  1397P   1696
126,1,1,1,0,1,0,0.,0.,1.,1.,1.,1.,0.033007593,0.,0.,                1399P   1697
0.966992407,0.,0.,0.,1.,0.,0.,1.;                                   1399P   1698
124,6.12323399573677E-17,0.,1.,190.,0.,1.,0.,0.,-1.,0.,             1401P   1699
6.12323399573677E-17,-10.;                                          1401P   1700
100,-100.,90.,0.,98.5,0.,81.5,0.;                                   1403P   1701
126,1,1,1,0,1,0,0.,0.,1.,1.,1.,1.,0.966992407,0.,0.,                1405P   1702
0.966992407,1.,0.,0.,1.,0.,0.,1.;                                   1405P   1703
124,5.14537349832865E-15,1.,0.,89.9999999999996,                    1407P   1704
-6.12323399573677E-17,3.1506325925729E-31,-1.,-90.,-1.,             1407P   1705
5.14537349832865E-15,6.12323399573677E-17,1.06275277878621E-14;     1407P   1706
100,-90.,90.,0.,91.5,0.,90.,1.5;                                    1409P   1707
126,1,1,1,0,1,0,0.,0.,1.,1.,1.,1.,0.966992407,1.,0.,                1411P   1708
0.033007593,1.,0.,0.,1.,0.,0.,1.;                                   1411P   1709
124,-1.,-6.98296267768626E-15,3.26536183713281E-15,200.,            1413P   1710
-6.98296267768628E-15,1.,-6.98296267768627E-15,                     1413P   1711
6.98296267768639E-14,-3.26536183713276E-15,                         1413P   1712
-6.98296267768629E-15,-1.,-180.;                                    1413P   1713
100,-90.,100.,0.,108.5,0.,91.5,0.;                                  1415P   1714
102,4,1393,1399,1405,1411;                                          1417P   1715
102,4,1397,1403,1409,1415;                                          1419P   1716
142,1,1391,1417,1419,1;                                             1421P   1717
144,1391,1,0,1421;                                                  1423P   1718
110,100.,0.,-90.,100.,0.,910.;                                      1425P   1719
110,108.5,0.,-90.,108.5,0.,0.;                                      1427P   1720
120,1425,1427,0.,6.28318530717959;                                  1429P   1721
126,1,1,1,0,1,0,0.,0.,1.,1.,1.,1.,1.,3.141592654,0.,0.,             1431P   1722
3.141592654,0.,0.,1.,0.,0.,1.;                                      1431P   1723
110,91.5,0.,0.,91.5,0.,-90.;                                        1433P   1724
126,1,1,1,0,1,0,0.,0.,1.,1.,1.,1.,0.,3.141592654,0.,0.,             1435P   1725
6.283185307,0.,0.,1.,0.,0.,1.;                                      1435P   1726
100,-90.,100.,0.,91.5,0.,108.5,0.;                                  1437P   1727
126,1,1,1,0,1,0,0.,0.,1.,1.,1.,1.,0.,6.283185307,0.,1.,             1439P   1728
6.283185307,0.,0.,1.,0.,0.,1.;                                      1439P   1729
110,108.5,0.,-90.,108.5,0.,0.;                                      1441P   1730
126,1,1,1,0,1,0,0.,0.,1.,1.,1.,1.,1.,6.283185307,0.,1.,             1443P   1731
4.71238898,0.,0.,1.,0.,0.,1.;                                       1443P   1732
124,1.,-1.40883900352873E-14,-6.98296267768627E-15,0.,              1445P   1733
-1.40883900352873E-14,-1.,0.,0.,-6.98296267768627E-15,              1445P   1734
9.83787018050981E-29,-1.,0.;                                        1445P   1735
100,0.,100.,0.,108.5,0.,100.,8.5;                                   1447P   1736
126,1,1,1,0,1,0,0.,0.,1.,1.,1.,1.,1.,4.71238898,0.,1.,              1449P   1737
3.141592654,0.,0.,1.,0.,0.,1.;                                      1449P   1738
124,-7.2891243774731E-15,-1.,8.5516628917939E-31,                   1451P   1739
100.000000000001,-1.,7.2891243774731E-15,6.98296267768627E-15,      1451P   1740
100.,-6.98296267768627E-15,5.00445171917284E-29,-1.,                1451P   1741
5.87273965306111E-13;                                               1451P   1742
100,0.,100.,0.,108.5,0.,100.,8.5;                                   1453P   1743
102,5,1431,1435,1439,1443,1449;                                     1455P   1744
102,5,1433,1437,1441,1447,1453;                                     1457P   1745
142,1,1429,1455,1457,1;                                             1459P   1746
144,1429,1,0,1459;                                                  1461P   1747
128,6,3,3,3,0,0,0,0,0,0.,0.,0.,0.,0.5,0.5,0.5,1.,1.,1.,1.,0.,       1463P   1748
0.,0.,0.,1.,1.,1.,1.,1.,0.780588314885163,0.780588314885163,1.,     1463P   1749
0.780588314885162,0.780588314885162,1.,0.804737854124364,           1463P   1750
0.628168965475239,0.628168965475239,0.804737854124364,              1463P   1751
0.628168965475239,0.628168965475239,0.804737854124364,              1463P   1752
0.804737854124364,0.628168965475239,0.628168965475239,              1463P   1753
0.804737854124364,0.628168965475239,0.628168965475239,              1463P   1754
0.804737854124364,1.,0.780588314885163,0.780588314885163,1.,        1463P   1755
0.780588314885162,0.780588314885162,1.,99.151415959,                1463P   1756
-8.457535405,0.,104.507889663,-8.994975438,0.,108.5,                1463P   1757
-5.383368122,0.,108.5,0.,0.,108.5,5.383368122,0.,104.507889663,     1463P   1758
8.994975438,0.,99.151415959,8.457535405,0.,99.151415959,            1463P   1759
-8.457535405,10.812173912,104.507889663,-8.994975438,               1463P   1760
11.126998994,108.5,-5.383368122,9.011368411,108.5,0.,               1463P   1761
5.857864376,108.5,5.383368122,2.704360341,104.507889663,            1463P   1762
8.994975438,0.588729758,99.151415959,8.457535405,0.90355484,        1463P   1763
99.151415959,-0.812173912,18.457535405,104.507889663,               1463P   1764
-1.126998994,18.994975438,108.5,0.988631589,15.383368122,108.5,     1463P   1765
4.142135624,10.,108.5,7.295639659,4.616631878,104.507889663,        1463P   1766
9.411270242,1.005024562,99.151415959,9.09644516,1.542464595,        1463P   1767
99.151415959,10.,18.457535405,104.507889663,10.,18.994975438,       1463P   1768
108.5,10.,15.383368122,108.5,10.,10.,108.5,10.,4.616631878,         1463P   1769
104.507889663,10.,1.005024562,99.151415959,10.,1.542464595,0.,      1463P   1770
1.,0.,1.;                                                           1463P   1771
126,1,1,1,0,1,0,0.,0.,1.,1.,1.,1.,0.033007593,1.,0.,                1465P   1772
0.033007593,0.,0.,0.,1.,0.,0.,1.;                                   1465P   1773
124,-6.12323399573677E-17,4.27583144589696E-31,1.,100.,             1467P   1774
-6.98296267768627E-15,-1.,0.,20.0000000000007,1.,                   1467P   1775
-6.98296267768627E-15,6.12323399573677E-17,-99.9999999999999;       1467P   1776
100,0.,100.,10.,118.5,10.,100.,28.5;                                1469P   1777
126,1,1,1,0,1,0,0.,0.,1.,1.,1.,1.,0.033007593,0.,0.,0.5,0.,0.,      1471P   1778
0.,1.,0.,0.,1.;                                                     1471P   1779
100,0.,100.,0.,100.,-8.5,108.5,0.;                                  1473P   1780
126,1,1,1,0,1,0,0.,0.,1.,1.,1.,1.,0.5,0.,0.,0.966992407,0.,0.,      1475P   1781
0.,1.,0.,0.,1.;                                                     1475P   1782
100,0.,100.,0.,108.5,0.,100.,8.5;                                   1477P   1783
126,1,1,1,0,1,0,0.,0.,1.,1.,1.,1.,0.966992407,0.,0.,                1479P   1784
0.966992407,1.,0.,0.,1.,0.,0.,1.;                                   1479P   1785
124,-1.42526451475473E-30,6.12323399573677E-17,-1.,100.,-1.,        1481P   1786
-2.32763359320754E-14,0.,110.,-2.32763359320754E-14,1.,             1481P   1787
6.12323399573677E-17,-9.99999999999767;                             1481P   1788
100,0.,100.,10.,101.5,10.,100.,11.5;                                1483P   1789
126,1,1,1,0,1,0,0.,0.,1.,1.,1.,1.,0.966992407,1.,0.,                1485P   1790
0.033007593,1.,0.,0.,1.,0.,0.,1.;                                   1485P   1791
124,1.40271576953299E-14,1.,0.,89.9999999999986,                    1487P   1792
-6.12323399573677E-17,8.58915688636046E-31,-1.,20.,-1.,             1487P   1793
1.40271576953299E-14,6.12323399573677E-17,110.;                     1487P   1794
100,10.,100.,10.,108.5,10.,91.5,10.;                                1489P   1795
102,5,1465,1471,1475,1479,1485;                                     1491P   1796
102,5,1469,1473,1477,1483,1489;                                     1493P   1797
142,1,1463,1491,1493,1;                                             1495P   1798
144,1463,1,0,1495;                                                  1497P   1799
110,100.,10.,10.,100.,1010.,10.;                                    1499P   1800
110,100.,10.,18.5,100.,90.,18.5;                                    1501P   1801
120,1499,1501,0.,6.28318530717959;                                  1503P   1802
126,1,1,1,0,1,0,0.,0.,1.,1.,1.,1.,1.,3.141592654,0.,0.,             1505P   1803
3.141592654,0.,0.,1.,0.,0.,1.;                                      1505P   1804
110,100.,90.,1.5,100.,10.,1.5;                                      1507P   1805
126,1,1,1,0,1,0,0.,0.,1.,1.,1.,1.,0.,3.141592654,0.,0.,             1509P   1806
6.283185307,0.,0.,1.,0.,0.,1.;                                      1509P   1807
124,6.12323399573677E-17,-1.,0.,110.,6.12323399573677E-17,          1511P   1808
3.74939945665464E-33,1.,-6.73555739531044E-15,-1.,                  1511P   1809
-6.12323399573677E-17,6.12323399573677E-17,110.;                    1511P   1810
100,10.,100.,10.,108.5,10.,91.5,10.;                                1513P   1811
126,1,1,1,0,1,0,0.,0.,1.,1.,1.,1.,0.,6.283185307,0.,1.,             1515P   1812
6.283185307,0.,0.,1.,0.,0.,1.;                                      1515P   1813
110,100.,10.,18.5,100.,90.,18.5;                                    1517P   1814
126,1,1,1,0,1,0,0.,0.,1.,1.,1.,1.,1.,6.283185307,0.,1.,             1519P   1815
3.141592654,0.,0.,1.,0.,0.,1.;                                      1519P   1816
124,6.12323399573677E-17,-1.,0.,190.,6.12323399573677E-17,          1521P   1817
3.74939945665464E-33,-1.,100.,1.,6.12323399573677E-17,              1521P   1818
6.12323399573677E-17,-90.;                                          1521P   1819
100,10.,100.,90.,108.5,90.,91.5,90.;                                1523P   1820
102,4,1505,1509,1515,1519;                                          1525P   1821
102,4,1507,1513,1517,1523;                                          1527P   1822
142,1,1503,1525,1527,1;                                             1529P   1823
144,1503,1,0,1529;                                                  1531P   1824
128,6,3,3,3,0,0,0,0,0,0.,0.,0.,0.,0.5,0.5,0.5,1.,1.,1.,1.,0.,       1533P   1825
0.,0.,0.,1.,1.,1.,1.,1.,0.780588314885163,0.780588314885163,1.,     1533P   1826
0.780588314885162,0.780588314885162,1.,0.804737854124365,           1533P   1827
0.62816896547524,0.62816896547524,0.804737854124365,                1533P   1828
0.628168965475239,0.628168965475239,0.804737854124365,              1533P   1829
0.804737854124365,0.62816896547524,0.62816896547524,                1533P   1830
0.804737854124365,0.628168965475239,0.628168965475239,              1533P   1831
0.804737854124365,1.,0.780588314885163,0.780588314885163,1.,        1533P   1832
0.780588314885162,0.780588314885162,1.,99.151415959,90.,            1533P   1833
18.457535405,104.507889663,90.,18.994975438,108.5,90.,              1533P   1834
15.383368122,108.5,90.,10.,108.5,90.,4.616631878,104.507889663,     1533P   1835
90.,1.005024562,99.151415959,90.,1.542464595,99.151415959,          1533P   1836
100.812173912,18.457535405,104.507889663,101.126998994,             1533P   1837
18.994975438,108.5,99.011368411,15.383368122,108.5,                 1533P   1838
95.857864376,10.,108.5,92.704360341,4.616631878,104.507889663,      1533P   1839
90.588729758,1.005024562,99.151415959,90.90355484,1.542464595,      1533P   1840
99.151415959,108.457535405,10.812173912,104.507889663,              1533P   1841
108.994975438,11.126998994,108.5,105.383368122,9.011368411,         1533P   1842
108.5,100.,5.857864376,108.5,94.616631878,2.704360341,              1533P   1843
104.507889663,91.005024562,0.588729758,99.151415959,                1533P   1844
91.542464595,0.90355484,99.151415959,108.457535405,0.,              1533P   1845
104.507889663,108.994975438,0.,108.5,105.383368122,0.,108.5,        1533P   1846
100.,0.,108.5,94.616631878,0.,104.507889663,91.005024562,0.,        1533P   1847
99.151415959,91.542464595,0.,0.,1.,0.,1.;                           1533P   1848
126,1,1,1,0,1,0,0.,0.,1.,1.,1.,1.,0.033007593,1.,0.,                1535P   1849
0.033007593,0.,0.,0.,1.,0.,0.,1.;                                   1535P   1850
124,3.74939945665464E-33,-6.12323399573677E-17,1.,100.,1.,          1537P   1851
6.12323399573677E-17,0.,-10.,-6.12323399573677E-17,1.,              1537P   1852
6.12323399573677E-17,-90.;                                          1537P   1853
100,0.,100.,90.,118.5,90.,100.,108.5;                               1539P   1854
126,1,1,1,0,1,0,0.,0.,1.,1.,1.,1.,0.033007593,0.,0.,                1541P   1855
0.966992407,0.,0.,0.,1.,0.,0.,1.;                                   1541P   1856
124,1.40271576953299E-14,1.,0.,9.99999999999861,                    1543P   1857
7.04419501764363E-15,-9.88100343491444E-29,1.,79.9999999999993,     1543P   1858
1.,-1.40271576953299E-14,-7.04419501764363E-15,                     1543P   1859
-89.9999999999987;                                                  1543P   1860
100,10.,100.,90.,108.5,90.,91.5,90.;                                1545P   1861
126,1,1,1,0,1,0,0.,0.,1.,1.,1.,1.,0.966992407,0.,0.,                1547P   1862
0.966992407,1.,0.,0.,1.,0.,0.,1.;                                   1547P   1863
124,6.12323399573677E-17,-8.55166289179392E-31,-1.,100.,            1549P   1864
1.39659253553725E-14,1.,0.,-1.39659253553724E-12,1.,                1549P   1865
-1.39659253553725E-14,6.12323399573677E-17,-99.9999999999987;       1549P   1866
100,0.,100.,90.,101.5,90.,100.,91.5;                                1551P   1867
126,1,1,1,0,1,0,0.,0.,1.,1.,1.,1.,0.966992407,1.,0.,0.5,1.,0.,      1553P   1868
0.,1.,0.,0.,1.;                                                     1553P   1869
100,0.,100.,100.,100.,91.5,108.5,100.;                              1555P   1870
126,1,1,1,0,1,0,0.,0.,1.,1.,1.,1.,0.5,1.,0.,0.033007593,1.,0.,      1557P   1871
0.,1.,0.,0.,1.;                                                     1557P   1872
100,0.,100.,100.,108.5,100.,100.,108.5;                             1559P   1873
102,5,1535,1541,1547,1553,1557;                                     1561P   1874
102,5,1539,1545,1551,1555,1559;                                     1563P   1875
142,1,1533,1561,1563,1;                                             1565P   1876
144,1533,1,0,1565;                                                  1567P   1877
110,100.,100.,0.,100.,100.,-1000.;                                  1569P   1878
110,91.5,100.,0.,91.5,100.,-80.;                                    1571P   1879
120,1569,1571,0.,6.28318530717959;                                  1573P   1880
126,1,1,1,0,1,0,0.,0.,1.,1.,1.,1.,1.,3.141592654,0.,0.,             1575P   1881
3.141592654,0.,0.,1.,0.,0.,1.;                                      1575P   1882
110,108.5,100.,-80.,108.5,100.,0.;                                  1577P   1883
126,1,1,1,0,1,0,0.,0.,1.,1.,1.,1.,0.,3.141592654,0.,0.,             1579P   1884
4.71238898,0.,0.,1.,0.,0.,1.;                                       1579P   1885
124,1.,-1.40883900352873E-14,-6.98296267768627E-15,                 1581P   1886
1.4021436506604E-12,-1.40883900352873E-14,-1.,                      1581P   1887
1.22464679914735E-16,200.000000000001,-6.98296267768627E-15,        1581P   1888
-1.22464679914637E-16,-1.,7.01359041703377E-13;                     1581P   1889
100,0.,100.,100.,108.5,100.,100.,108.5;                             1583P   1890
126,1,1,1,0,1,0,0.,0.,1.,1.,1.,1.,0.,4.71238898,0.,0.,              1585P   1891
6.283185307,0.,0.,1.,0.,0.,1.;                                      1585P   1892
124,-7.04419501764363E-15,-1.,0.,200.000000000001,-1.,              1587P   1893
7.04419501764363E-15,6.98296267768627E-15,199.999999999999,         1587P   1894
-6.98296267768627E-15,4.91893509025491E-29,-1.,                     1587P   1895
6.89112573711908E-13;                                               1587P   1896
100,0.,100.,100.,108.5,100.,100.,108.5;                             1589P   1897
126,1,1,1,0,1,0,0.,0.,1.,1.,1.,1.,0.,6.283185307,0.,1.,             1591P   1898
6.283185307,0.,0.,1.,0.,0.,1.;                                      1591P   1899
110,91.5,100.,0.,91.5,100.,-80.;                                    1593P   1900
126,1,1,1,0,1,0,0.,0.,1.,1.,1.,1.,1.,6.283185307,0.,1.,             1595P   1901
3.141592654,0.,0.,1.,0.,0.,1.;                                      1595P   1902
100,-80.,100.,100.,91.5,100.,108.5,100.;                            1597P   1903
102,5,1575,1579,1585,1591,1595;                                     1599P   1904
102,5,1577,1583,1589,1593,1597;                                     1601P   1905
142,1,1573,1599,1601,1;                                             1603P   1906
144,1573,1,0,1603;                                                  1605P   1907
128,6,3,3,3,0,0,0,0,0,0.,0.,0.,0.,0.5,0.5,0.5,1.,1.,1.,1.,0.,       1607P   1908
0.,0.,0.,1.,1.,1.,1.,1.,0.780588314885162,0.780588314885162,1.,     1607P   1909
0.780588314885162,0.780588314885162,1.,0.804737854124365,           1607P   1910
0.628168965475239,0.628168965475239,0.804737854124365,              1607P   1911
0.628168965475239,0.628168965475239,0.804737854124365,              1607P   1912
0.804737854124365,0.628168965475239,0.628168965475239,              1607P   1913
0.804737854124365,0.628168965475239,0.628168965475239,              1607P   1914
0.804737854124365,1.,0.780588314885162,0.780588314885162,1.,        1607P   1915
0.780588314885162,0.780588314885162,1.,108.457535405,               1607P   1916
100.848584041,-80.,108.994975438,95.492110337,-80.,                 1607P   1917
105.383368122,91.5,-80.,100.,91.5,-80.,94.616631878,91.5,-80.,      1607P   1918
91.005024562,95.492110337,-80.,91.542464595,100.848584041,-80.,     1607P   1919
108.457535405,100.848584041,-90.812173912,108.994975438,            1607P   1920
95.492110337,-91.126998994,105.383368122,91.5,-89.011368411,        1607P   1921
100.,91.5,-85.857864376,94.616631878,91.5,-82.704360341,            1607P   1922
91.005024562,95.492110337,-80.588729758,91.542464595,               1607P   1923
100.848584041,-80.90355484,100.812173912,100.848584041,             1607P   1924
-98.457535405,101.126998994,95.492110337,-98.994975438,             1607P   1925
99.011368411,91.5,-95.383368122,95.857864376,91.5,-90.,             1607P   1926
92.704360341,91.5,-84.616631878,90.588729758,95.492110337,          1607P   1927
-81.005024562,90.90355484,100.848584041,-81.542464595,90.,          1607P   1928
100.848584041,-98.457535405,90.,95.492110337,-98.994975438,90.,     1607P   1929
91.5,-95.383368122,90.,91.5,-90.,90.,91.5,-84.616631878,90.,        1607P   1930
95.492110337,-81.005024562,90.,100.848584041,-81.542464595,0.,      1607P   1931
1.,0.,1.;                                                           1607P   1932
126,1,1,1,0,1,0,0.,0.,1.,1.,1.,1.,0.033007593,1.,0.,                1609P   1933
0.033007593,0.,0.,0.,1.,0.,0.,1.;                                   1609P   1934
124,1.40271576953299E-14,1.,0.,-10.0000000000013,                   1611P   1935
-6.12323399573677E-17,8.58915688636046E-31,-1.,20.,-1.,             1611P   1936
1.40271576953299E-14,6.12323399573677E-17,9.99999999999859;         1611P   1937
100,-80.,90.,100.,108.5,100.,90.,118.5;                             1613P   1938
126,1,1,1,0,1,0,0.,0.,1.,1.,1.,1.,0.033007593,0.,0.,                1615P   1939
0.966992407,0.,0.,0.,1.,0.,0.,1.;                                   1615P   1940
124,1.,-7.105427357601E-15,0.,7.13318293321664E-13,                 1617P   1941
-7.105427357601E-15,-1.,6.98296267768627E-15,200.000000000001,      1617P   1942
-4.96169340471387E-29,-6.98296267768627E-15,-1.,                    1617P   1943
-159.999999999999;                                                  1617P   1944
100,-80.,100.,100.,108.5,100.,91.5,100.;                            1619P   1945
126,1,1,1,0,1,0,0.,0.,1.,1.,1.,1.,0.966992407,0.,0.,                1621P   1946
0.966992407,1.,0.,0.,1.,0.,0.,1.;                                   1621P   1947
124,1.,-1.39659253553725E-14,0.,1.40341931954044E-12,               1623P   1948
8.55166289179392E-31,6.12323399573677E-17,1.,180.,                  1623P   1949
-1.39659253553725E-14,-1.,6.12323399573677E-17,                     1623P   1950
20.0000000000013;                                                   1623P   1951
100,-80.,90.,100.,91.5,100.,90.,101.5;                              1625P   1952
126,1,1,1,0,1,0,0.,0.,1.,1.,1.,1.,0.966992407,1.,0.,                1627P   1953
0.033007593,1.,0.,0.,1.,0.,0.,1.;                                   1627P   1954
124,-6.12323399573677E-17,4.27583144589696E-31,1.,180.,             1629P   1955
-6.98296267768627E-15,-1.,0.,200.000000000001,1.,                   1629P   1956
-6.98296267768627E-15,6.12323399573677E-17,-179.999999999999;       1629P   1957
100,-90.,90.,100.,98.5,100.,81.5,100.;                              1631P   1958
102,4,1609,1615,1621,1627;                                          1633P   1959
102,4,1613,1619,1625,1631;                                          1635P   1960
142,1,1607,1633,1635,1;                                             1637P   1961
144,1607,1,0,1637;                                                  1639P   1962
110,90.,100.,-90.,-910.,100.,-90.;                                  1641P   1963
110,90.,100.,-81.5,10.,100.,-81.5;                                  1643P   1964
120,1641,1643,0.,6.28318530717959;                                  1645P   1965
126,1,1,1,0,1,0,0.,0.,1.,1.,1.,1.,1.,3.141592654,0.,0.,             1647P   1966
3.141592654,0.,0.,1.,0.,0.,1.;                                      1647P   1967
110,10.,100.,-98.5,90.,100.,-98.5;                                  1649P   1968
126,1,1,1,0,1,0,0.,0.,1.,1.,1.,1.,0.,3.141592654,0.,0.,             1651P   1969
6.283185307,0.,0.,1.,0.,0.,1.;                                      1651P   1970
124,7.04419501764363E-15,-4.91893509025491E-29,-1.,                 1653P   1971
-6.38378239159456E-13,-6.98296267768627E-15,-1.,0.,                 1653P   1972
200.000000000001,-1.,6.98296267768627E-15,                          1653P   1973
-7.04419501764363E-15,-1.32720359649819E-12;                        1653P   1974
100,-90.,90.,100.,98.5,100.,81.5,100.;                              1655P   1975
126,1,1,1,0,1,0,0.,0.,1.,1.,1.,1.,0.,6.283185307,0.,1.,             1657P   1976
6.283185307,0.,0.,1.,0.,0.,1.;                                      1657P   1977
110,90.,100.,-81.5,10.,100.,-81.5;                                  1659P   1978
126,1,1,1,0,1,0,0.,0.,1.,1.,1.,1.,1.,6.283185307,0.,1.,             1661P   1979
3.141592654,0.,0.,1.,0.,0.,1.;                                      1661P   1980
124,-6.12323399573677E-17,4.27583144589696E-31,1.,100.,             1663P   1981
-6.98296267768627E-15,-1.,0.,200.,1.,-6.98296267768627E-15,         1663P   1982
6.12323399573677E-17,-99.9999999999993;                             1663P   1983
100,-90.,10.,100.,18.5,100.,1.5,100.;                               1665P   1984
102,4,1647,1651,1657,1661;                                          1667P   1985
102,4,1649,1655,1659,1665;                                          1669P   1986
142,1,1645,1667,1669,1;                                             1671P   1987
144,1645,1,0,1671;                                                  1673P   1988
128,6,3,3,3,0,0,0,0,0,0.,0.,0.,0.,0.5,0.5,0.5,1.,1.,1.,1.,0.,       1675P   1989
0.,0.,0.,1.,1.,1.,1.,1.,0.780588314885163,0.780588314885163,1.,     1675P   1990
0.780588314885162,0.780588314885162,1.,0.804737854124365,           1675P   1991
0.62816896547524,0.62816896547524,0.804737854124365,                1675P   1992
0.628168965475239,0.628168965475239,0.804737854124365,              1675P   1993
0.804737854124365,0.62816896547524,0.62816896547524,                1675P   1994
0.804737854124365,0.628168965475239,0.628168965475239,              1675P   1995
0.804737854124365,1.,0.780588314885163,0.780588314885163,1.,        1675P   1996
0.780588314885162,0.780588314885162,1.,10.,100.848584041,           1675P   1997
-98.457535405,10.,95.492110337,-98.994975438,10.,91.5,              1675P   1998
-95.383368122,10.,91.5,-90.,10.,91.5,-84.616631878,10.,             1675P   1999
95.492110337,-81.005024562,10.,100.848584041,-81.542464595,         1675P   2000
-0.812173912,100.848584041,-98.457535405,-1.126998994,              1675P   2001
95.492110337,-98.994975438,0.988631589,91.5,-95.383368122,          1675P   2002
4.142135624,91.5,-90.,7.295639659,91.5,-84.616631878,               1675P   2003
9.411270242,95.492110337,-81.005024562,9.09644516,                  1675P   2004
100.848584041,-81.542464595,-8.457535405,100.848584041,             1675P   2005
-90.812173912,-8.994975438,95.492110337,-91.126998994,              1675P   2006
-5.383368122,91.5,-89.011368411,0.,91.5,-85.857864376,              1675P   2007
5.383368122,91.5,-82.704360341,8.994975438,95.492110337,            1675P   2008
-80.588729758,8.457535405,100.848584041,-80.90355484,               1675P   2009
-8.457535405,100.848584041,-80.,-8.994975438,95.492110337,-80.,     1675P   2010
-5.383368122,91.5,-80.,0.,91.5,-80.,5.383368122,91.5,-80.,          1675P   2011
8.994975438,95.492110337,-80.,8.457535405,100.848584041,-80.,       1675P   2012
0.,1.,0.,1.;                                                        1675P   2013
126,1,1,1,0,1,0,0.,0.,1.,1.,1.,1.,0.033007593,1.,0.,                1677P   2014
0.033007593,0.,0.,0.,1.,0.,0.,1.;                                   1677P   2015
124,-1.,6.98296267768627E-15,0.,19.9999999999993,                   1679P   2016
-4.27583144589696E-31,-6.12323399573677E-17,-1.,20.,                1679P   2017
-6.98296267768627E-15,-1.,6.12323399573677E-17,                     1679P   2018
20.0000000000001;                                                   1679P   2019
100,-80.,10.,100.,28.5,100.,10.,118.5;                              1681P   2020
126,1,1,1,0,1,0,0.,0.,1.,1.,1.,1.,0.033007593,0.,0.,                1683P   2021
0.966992407,0.,0.,0.,1.,0.,0.,1.;                                   1683P   2022
124,-6.12323399573677E-17,4.27583144589696E-31,-1.,-80.,            1685P   2023
-6.98296267768627E-15,-1.,0.,200.,-1.,6.98296267768627E-15,         1685P   2024
6.12323399573677E-17,-80.0000000000007;                             1685P   2025
100,-90.,10.,100.,18.5,100.,1.5,100.;                               1687P   2026
126,1,1,1,0,1,0,0.,0.,1.,1.,1.,1.,0.966992407,0.,0.,                1689P   2027
0.966992407,1.,0.,0.,1.,0.,0.,1.;                                   1689P   2028
124,9.16506114188365E-15,-1.,0.,110.,6.12323399573677E-17,          1691P   2029
5.6119813956988E-31,1.,180.,-1.,-9.16506114188365E-15,              1691P   2030
6.12323399573677E-17,-69.9999999999991;                             1691P   2031
100,-80.,10.,100.,11.5,100.,10.,101.5;                              1693P   2032
126,1,1,1,0,1,0,0.,0.,1.,1.,1.,1.,0.966992407,1.,0.,                1695P   2033
0.033007593,1.,0.,0.,1.,0.,0.,1.;                                   1695P   2034
124,1.,-7.105427357601E-15,0.,7.105427357601E-13,                   1697P   2035
-7.105427357601E-15,-1.,6.98296267768627E-15,200.000000000001,      1697P   2036
-4.96169340471387E-29,-6.98296267768627E-15,-1.,                    1697P   2037
-159.999999999999;                                                  1697P   2038
100,-80.,0.,100.,8.5,100.,-8.5,100.;                                1699P   2039
102,4,1677,1683,1689,1695;                                          1701P   2040
102,4,1681,1687,1693,1699;                                          1703P   2041
142,1,1675,1701,1703,1;                                             1705P   2042
144,1675,1,0,1705;                                                  1707P   2043
110,0.,100.,-80.,0.,100.,920.;                                      1709P   2044
110,8.5,100.,-80.,8.5,100.,-10.;                                    1711P   2045
120,1709,1711,0.,6.28318530717959;                                  1713P   2046
126,1,1,1,0,1,0,0.,0.,1.,1.,1.,1.,1.,3.141592654,0.,0.,             1715P   2047
3.141592654,0.,0.,1.,0.,0.,1.;                                      1715P   2048
110,-8.5,100.,-10.,-8.5,100.,-80.;                                  1717P   2049
126,1,1,1,0,1,0,0.,0.,1.,1.,1.,1.,0.,3.141592654,0.,0.,             1719P   2050
6.283185307,0.,0.,1.,0.,0.,1.;                                      1719P   2051
100,-80.,0.,100.,-8.5,100.,8.5,100.;                                1721P   2052
126,1,1,1,0,1,0,0.,0.,1.,1.,1.,1.,0.,6.283185307,0.,1.,             1723P   2053
6.283185307,0.,0.,1.,0.,0.,1.;                                      1723P   2054
110,8.5,100.,-80.,8.5,100.,-10.;                                    1725P   2055
126,1,1,1,0,1,0,0.,0.,1.,1.,1.,1.,1.,6.283185307,0.,1.,             1727P   2056
3.141592654,0.,0.,1.,0.,0.,1.;                                      1727P   2057
124,1.,-7.105427357601E-15,0.,7.105427357601E-13,                   1729P   2058
-7.105427357601E-15,-1.,6.98296267768627E-15,200.,                  1729P   2059
-4.96169340471387E-29,-6.98296267768627E-15,-1.,                    1729P   2060
-19.9999999999993;                                                  1729P   2061
100,-10.,0.,100.,8.5,100.,-8.5,100.;                                1731P   2062
102,4,1715,1719,1723,1727;                                          1733P   2063
102,4,1717,1721,1725,1731;                                          1735P   2064
142,1,1713,1733,1735,1;                                             1737P   2065
144,1713,1,0,1737;                                                  1739P   2066
128,6,3,3,3,0,0,0,0,0,0.,0.,0.,0.,0.5,0.5,0.5,1.,1.,1.,1.,0.,       1741P   2067
0.,0.,0.,1.,1.,1.,1.,1.,0.780588314885162,0.780588314885162,1.,     1741P   2068
0.780588314885162,0.780588314885162,1.,0.804737854124365,           1741P   2069
0.62816896547524,0.62816896547524,0.804737854124365,                1741P   2070
0.62816896547524,0.62816896547524,0.804737854124365,                1741P   2071
0.804737854124365,0.62816896547524,0.62816896547524,                1741P   2072
0.804737854124365,0.62816896547524,0.62816896547524,                1741P   2073
0.804737854124365,1.,0.780588314885162,0.780588314885162,1.,        1741P   2074
0.780588314885162,0.780588314885162,1.,-8.457535405,                1741P   2075
100.848584041,-10.,-8.994975438,95.492110337,-10.,-5.383368122,     1741P   2076
91.5,-10.,0.,91.5,-10.,5.383368122,91.5,-10.,8.994975438,           1741P   2077
95.492110337,-10.,8.457535405,100.848584041,-10.,-8.457535405,      1741P   2078
100.848584041,0.812173912,-8.994975438,95.492110337,                1741P   2079
1.126998994,-5.383368122,91.5,-0.988631589,0.,91.5,                 1741P   2080
-4.142135624,5.383368122,91.5,-7.295639659,8.994975438,             1741P   2081
95.492110337,-9.411270242,8.457535405,100.848584041,                1741P   2082
-9.09644516,-0.812173912,100.848584041,8.457535405,                 1741P   2083
-1.126998994,95.492110337,8.994975438,0.988631589,91.5,             1741P   2084
5.383368122,4.142135624,91.5,0.,7.295639659,91.5,-5.383368122,      1741P   2085
9.411270242,95.492110337,-8.994975438,9.09644516,100.848584041,     1741P   2086
-8.457535405,10.,100.848584041,8.457535405,10.,95.492110337,        1741P   2087
8.994975438,10.,91.5,5.383368122,10.,91.5,0.,10.,91.5,              1741P   2088
-5.383368122,10.,95.492110337,-8.994975438,10.,100.848584041,       1741P   2089
-8.457535405,0.,1.,0.,1.;                                           1741P   2090
126,1,1,1,0,1,0,0.,0.,1.,1.,1.,1.,0.033007593,1.,0.,                1743P   2091
0.033007593,0.,0.,0.,1.,0.,0.,1.;                                   1743P   2092
124,6.12323399573677E-17,-1.,0.,110.,6.12323399573677E-17,          1745P   2093
3.74939945665464E-33,-1.,90.,1.,6.12323399573677E-17,               1745P   2094
6.12323399573677E-17,-20.;                                          1745P   2095
100,-10.,10.,100.,28.5,100.,10.,118.5;                              1747P   2096
126,1,1,1,0,1,0,0.,0.,1.,1.,1.,1.,0.033007593,0.,0.,                1749P   2097
0.966992407,0.,0.,0.,1.,0.,0.,1.;                                   1749P   2098
100,-10.,0.,100.,-8.5,100.,8.5,100.;                                1751P   2099
126,1,1,1,0,1,0,0.,0.,1.,1.,1.,1.,0.966992407,0.,0.,                1753P   2100
0.966992407,1.,0.,0.,1.,0.,0.,1.;                                   1753P   2101
124,-1.,6.98296267768627E-15,0.,19.9999999999993,                   1755P   2102
-4.27583144589696E-31,-6.12323399573677E-17,1.,110.,                1755P   2103
6.98296267768627E-15,1.,6.12323399573677E-17,-110.;                 1755P   2104
100,-10.,10.,100.,11.5,100.,10.,101.5;                              1757P   2105
126,1,1,1,0,1,0,0.,0.,1.,1.,1.,1.,0.966992407,1.,0.,                1759P   2106
0.033007593,1.,0.,0.,1.,0.,0.,1.;                                   1759P   2107
124,-6.12323399573677E-17,4.27583144589696E-31,-1.,                 1761P   2108
9.99999999999999,-6.98296267768627E-15,-1.,0.,200.,-1.,             1761P   2109
6.98296267768627E-15,6.12323399573677E-17,9.99999999999929;         1761P   2110
100,0.,10.,100.,18.5,100.,1.5,100.;                                 1763P   2111
102,4,1743,1749,1753,1759;                                          1765P   2112
102,4,1747,1751,1757,1763;                                          1767P   2113
142,1,1741,1765,1767,1;                                             1769P   2114
144,1741,1,0,1769;                                                  1771P   2115
110,10.,100.,0.,1010.,100.,0.;                                      1773P   2116
110,10.,100.,-8.5,40.,100.,-8.5;                                    1775P   2117
120,1773,1775,0.,6.28318530717959;                                  1777P   2118
126,1,1,1,0,1,0,0.,0.,1.,1.,1.,1.,1.,3.141592654,0.,0.,             1779P   2119
3.141592654,0.,0.,1.,0.,0.,1.;                                      1779P   2120
110,40.,100.,8.5,10.,100.,8.5;                                      1781P   2121
126,1,1,1,0,1,0,0.,0.,1.,1.,1.,1.,0.,3.141592654,0.,0.,             1783P   2122
6.283185307,0.,0.,1.,0.,0.,1.;                                      1783P   2123
124,-6.12323399573677E-17,4.27583144589696E-31,1.,10.,              1785P   2124
-6.98296267768627E-15,-1.,0.,200.,1.,-6.98296267768627E-15,         1785P   2125
6.12323399573677E-17,-9.99999999999931;                             1785P   2126
100,0.,10.,100.,18.5,100.,1.5,100.;                                 1787P   2127
126,1,1,1,0,1,0,0.,0.,1.,1.,1.,1.,0.,6.283185307,0.,1.,             1789P   2128
6.283185307,0.,0.,1.,0.,0.,1.;                                      1789P   2129
110,10.,100.,-8.5,40.,100.,-8.5;                                    1791P   2130
126,1,1,1,0,1,0,0.,0.,1.,1.,1.,1.,1.,6.283185307,0.,1.,             1793P   2131
4.71238898,0.,0.,1.,0.,0.,1.;                                       1793P   2132
124,-6.12323399573677E-17,4.27583144589696E-31,-1.,40.,             1795P   2133
-6.98296267768627E-15,-1.,0.,200.,-1.,6.98296267768627E-15,         1795P   2134
6.12323399573677E-17,39.9999999999993;                              1795P   2135
100,0.,40.,100.,48.5,100.,40.,108.5;                                1797P   2136
126,1,1,1,0,1,0,0.,0.,1.,1.,1.,1.,1.,4.71238898,0.,1.,              1799P   2137
3.141592654,0.,0.,1.,0.,0.,1.;                                      1799P   2138
124,9.13300931573922E-31,6.12323399573677E-17,-1.,40.,-1.,          1801P   2139
1.491533611503E-14,0.,139.999999999999,1.491533611503E-14,1.,       1801P   2140
6.12323399573677E-17,-100.000000000001;                             1801P   2141
100,0.,40.,100.,48.5,100.,40.,108.5;                                1803P   2142
102,5,1779,1783,1789,1793,1799;                                     1805P   2143
102,5,1781,1787,1791,1797,1803;                                     1807P   2144
142,1,1777,1805,1807,1;                                             1809P   2145
144,1777,1,0,1809;                                                  1811P   2146
128,6,3,3,3,0,0,0,0,0,0.,0.,0.,0.,0.5,0.5,0.5,1.,1.,1.,1.,0.,       1813P   2147
0.,0.,0.,1.,1.,1.,1.,1.,0.780588314885163,0.780588314885163,1.,     1813P   2148
0.780588314885163,0.780588314885163,1.,0.804737854124365,           1813P   2149
0.62816896547524,0.62816896547524,0.804737854124365,                1813P   2150
0.62816896547524,0.62816896547524,0.804737854124365,                1813P   2151
0.804737854124365,0.62816896547524,0.62816896547524,                1813P   2152
0.804737854124365,0.62816896547524,0.62816896547524,                1813P   2153
0.804737854124365,1.,0.780588314885163,0.780588314885163,1.,        1813P   2154
0.780588314885163,0.780588314885163,1.,40.,108.457535405,           1813P   2155
-0.848584041,40.,108.994975438,4.507889663,40.,105.383368122,       1813P   2156
8.5,40.,100.,8.5,40.,94.616631878,8.5,40.,91.005024562,             1813P   2157
4.507889663,40.,91.542464595,-0.848584041,50.812173912,             1813P   2158
108.457535405,-0.848584041,51.126998994,108.994975438,              1813P   2159
4.507889663,49.011368411,105.383368122,8.5,45.857864376,100.,       1813P   2160
8.5,42.704360341,94.616631878,8.5,40.588729758,91.005024562,        1813P   2161
4.507889663,40.90355484,91.542464595,-0.848584041,58.457535405,     1813P   2162
100.812173912,-0.848584041,58.994975438,101.126998994,              1813P   2163
4.507889663,55.383368122,99.011368411,8.5,50.,95.857864376,8.5,     1813P   2164
44.616631878,92.704360341,8.5,41.005024562,90.588729758,            1813P   2165
4.507889663,41.542464595,90.90355484,-0.848584041,58.457535405,     1813P   2166
90.,-0.848584041,58.994975438,90.,4.507889663,55.383368122,90.,     1813P   2167
8.5,50.,90.,8.5,44.616631878,90.,8.5,41.005024562,90.,              1813P   2168
4.507889663,41.542464595,90.,-0.848584041,0.,1.,0.,1.;              1813P   2169
126,1,1,1,0,1,0,0.,0.,1.,1.,1.,1.,0.033007593,1.,0.,                1815P   2170
0.033007593,0.,0.,0.,1.,0.,0.,1.;                                   1815P   2171
100,0.,40.,90.,58.5,90.,40.,108.5;                                  1817P   2172
126,1,1,1,0,1,0,0.,0.,1.,1.,1.,1.,0.033007593,0.,0.,0.5,0.,0.,      1819P   2173
0.,1.,0.,0.,1.;                                                     1819P   2174
124,-4.3133254404635E-31,7.04419501764363E-15,1.,                   1821P   2175
39.9999999999993,1.,6.12323399573677E-17,0.,60.,                    1821P   2176
-6.12323399573677E-17,1.,-7.04419501764363E-15,-100.;               1821P   2177
100,0.,40.,100.,48.5,100.,40.,108.5;                                1823P   2178
126,1,1,1,0,1,0,0.,0.,1.,1.,1.,1.,0.5,0.,0.,0.966992407,0.,0.,      1825P   2179
0.,1.,0.,0.,1.;                                                     1825P   2180
124,7.04419501764363E-15,-4.91893509025491E-29,1.,                  1827P   2181
39.9999999999997,-6.98296267768627E-15,-1.,0.,200.,1.,              1827P   2182
-6.98296267768627E-15,-7.04419501764363E-15,-39.9999999999993;      1827P   2183
100,0.,40.,100.,48.5,100.,40.,108.5;                                1829P   2184
126,1,1,1,0,1,0,0.,0.,1.,1.,1.,1.,0.966992407,0.,0.,                1831P   2185
0.966992407,1.,0.,0.,1.,0.,0.,1.;                                   1831P   2186
124,1.40271576939317E-14,1.,0.,-50.0000000000006,1.,                1833P   2187
-1.40271576939317E-14,-6.98296267768627E-15,50.0000000000013,       1833P   2188
-6.98296267768627E-15,9.79511186594754E-29,-1.,                     1833P   2189
2.53644831050364E-13;                                               1833P   2190
100,0.,40.,90.,41.5,90.,40.,91.5;                                   1835P   2191
126,1,1,1,0,1,0,0.,0.,1.,1.,1.,1.,0.966992407,1.,0.,0.5,1.,0.,      1837P   2192
0.,1.,0.,0.,1.;                                                     1837P   2193
124,-1.,1.08733826972072E-15,1.20980294963545E-15,                  1839P   2194
99.9999999999999,1.20980294963545E-15,-6.1232339957369E-17,1.,      1839P   2195
90.,1.08733826972072E-15,1.,6.12323399573677E-17,                   1839P   2196
-90.0000000000001;                                                  1839P   2197
100,0.,50.,90.,58.5,90.,50.,98.5;                                   1841P   2198
126,1,1,1,0,1,0,0.,0.,1.,1.,1.,1.,0.5,1.,0.,0.033007593,1.,0.,      1843P   2199
0.,1.,0.,0.,1.;                                                     1843P   2200
124,1.52369606449654E-14,1.,1.20980294963545E-15,                   1845P   2201
-40.0000000000008,-6.12323399573861E-17,-1.20980294963545E-15,      1845P   2202
1.,90.0000000000001,1.,-1.52369606449654E-14,                       1845P   2203
6.12323399573677E-17,-49.9999999999986;                             1845P   2204
100,0.,50.,90.,58.5,90.,50.,98.5;                                   1847P   2205
102,6,1815,1819,1825,1831,1837,1843;                                1849P   2206
102,6,1817,1823,1829,1835,1841,1847;                                1851P   2207
142,1,1813,1849,1851,1;                                             1853P   2208
144,1813,1,0,1853;                                                  1855P   2209
110,50.,90.,0.,50.,-910.,0.;                                        1857P   2210
110,50.,90.,-8.5,50.,50.,-8.5;                                      1859P   2211
120,1857,1859,0.,6.28318530717959;                                  1861P   2212
126,1,1,1,0,1,0,0.,0.,1.,1.,1.,1.,1.,3.141592654,0.,0.,             1863P   2213
3.141592654,0.,0.,1.,0.,0.,1.;                                      1863P   2214
110,50.,50.,8.5,50.,90.,8.5;                                        1865P   2215
126,1,1,1,0,1,0,0.,0.,1.,1.,1.,1.,0.,3.141592654,0.,0.,             1867P   2216
4.71238898,0.,0.,1.,0.,0.,1.;                                       1867P   2217
124,4.05741624797134E-16,-1.,-1.20980294963545E-15,140.,            1869P   2218
6.12323399573672E-17,1.20980294963545E-15,-1.,89.9999999999999,     1869P   2219
1.,4.05741624797134E-16,6.12323399573677E-17,-50.;                  1869P   2220
100,0.,50.,90.,58.5,90.,50.,98.5;                                   1871P   2221
126,1,1,1,0,1,0,0.,0.,1.,1.,1.,1.,0.,4.71238898,0.,0.,              1873P   2222
6.283185307,0.,0.,1.,0.,0.,1.;                                      1873P   2223
124,-1.,1.08733826972072E-15,-1.20980294963545E-15,                 1875P   2224
99.9999999999999,1.20980294963545E-15,-6.1232339957369E-17,-1.,     1875P   2225
89.9999999999999,-1.08733826972072E-15,-1.,                         1875P   2226
6.12323399573677E-17,90.;                                           1875P   2227
100,0.,50.,90.,58.5,90.,50.,98.5;                                   1877P   2228
126,1,1,1,0,1,0,0.,0.,1.,1.,1.,1.,0.,6.283185307,0.,1.,             1879P   2229
6.283185307,0.,0.,1.,0.,0.,1.;                                      1879P   2230
110,50.,90.,-8.5,50.,50.,-8.5;                                      1881P   2231
126,1,1,1,0,1,0,0.,0.,1.,1.,1.,1.,1.,6.283185307,0.,1.,             1883P   2232
3.141592654,0.,0.,1.,0.,0.,1.;                                      1883P   2233
124,6.12323399573677E-17,-1.,0.,100.,6.12323399573677E-17,          1885P   2234
3.74939945665464E-33,1.,50.,-1.,-6.12323399573677E-17,              1885P   2235
6.12323399573677E-17,50.;                                           1885P   2236
100,0.,50.,50.,58.5,50.,41.5,50.;                                   1887P   2237
102,5,1863,1867,1873,1879,1883;                                     1889P   2238
102,5,1865,1871,1877,1881,1887;                                     1891P   2239
142,1,1861,1889,1891,1;                                             1893P   2240
144,1861,1,0,1893;                                                  1895P   2241
110,0.,0.,0.,0.,0.,-1000.;                                          1897P   2242
110,-7.5,0.,0.,-7.5,0.,-90.;                                        1899P   2243
120,1897,1899,0.,6.28318530717959;                                  1901P   2244
126,1,1,1,0,1,0,0.,0.,1.,1.,1.,1.,1.,3.141592654,0.,1.,0.,0.,       1903P   2245
0.,1.,0.,0.,1.;                                                     1903P   2246
100,-90.,0.,0.,7.5,0.,-7.5,0.;                                      1905P   2247
126,1,1,1,0,1,0,0.,0.,1.,1.,1.,1.,1.,0.,0.,0.,0.,0.,0.,1.,0.,       1907P   2248
0.,1.;                                                              1907P   2249
110,-7.5,0.,-90.,-7.5,0.,0.;                                        1909P   2250
126,1,1,1,0,1,0,0.,0.,1.,1.,1.,1.,0.,0.,0.,0.,3.141592654,0.,       1911P   2251
0.,1.,0.,0.,1.;                                                     1911P   2252
124,-1.,-7.22789203751574E-15,8.55166289179392E-31,0.,              1913P   2253
-7.22789203751574E-15,1.,-6.98296267768627E-15,0.,                  1913P   2254
4.96169340471388E-29,-6.98296267768627E-15,-1.,0.;                  1913P   2255
100,0.,0.,0.,7.5,0.,-7.5,0.;                                        1915P   2256
126,1,1,1,0,1,0,0.,0.,1.,1.,1.,1.,0.,3.141592654,0.,1.,             1917P   2257
3.141592654,0.,0.,1.,0.,0.,1.;                                      1917P   2258
110,7.5,0.,0.,7.5,0.,-90.;                                          1919P   2259
102,4,1903,1907,1911,1917;                                          1921P   2260
102,4,1905,1909,1915,1919;                                          1923P   2261
142,1,1901,1921,1923,1;                                             1925P   2262
144,1901,1,0,1925;                                                  1927P   2263
128,6,3,3,3,0,0,0,0,0,0.,0.,0.,0.,0.5,0.5,0.5,1.,1.,1.,1.,0.,       1929P   2264
0.,0.,0.,1.,1.,1.,1.,1.,0.780588314885163,0.780588314885163,1.,     1929P   2265
0.780588314885162,0.780588314885162,1.,0.804737854124364,           1929P   2266
0.628168965475239,0.628168965475239,0.804737854124364,              1929P   2267
0.628168965475239,0.628168965475239,0.804737854124364,              1929P   2268
0.804737854124364,0.628168965475239,0.628168965475239,              1929P   2269
0.804737854124364,0.628168965475239,0.628168965475239,              1929P   2270
0.804737854124364,1.,0.780588314885163,0.780588314885163,1.,        1929P   2271
0.780588314885162,0.780588314885162,1.,7.46253124,0.748750625,      1929P   2272
-90.,7.936743033,-3.977549703,-90.,4.750030696,-7.5,-90.,0.,        1929P   2273
-7.5,-90.,-4.750030696,-7.5,-90.,-7.936743033,-3.977549703,         1929P   2274
-90.,-7.46253124,0.748750625,-90.,7.46253124,0.748750625,           1929P   2275
-91.486414786,7.936743033,-3.977549703,-91.208627949,               1929P   2276
4.750030696,-7.5,-93.075360816,0.,-7.5,-95.857864376,               1929P   2277
-4.750030696,-7.5,-98.640367936,-7.936743033,-3.977549703,          1929P   2278
-100.507100804,-7.46253124,0.748750625,-100.229313967,              1929P   2279
8.513585214,0.748750625,-92.53746876,8.791372051,-3.977549703,      1929P   2280
-92.063256967,6.924639184,-7.5,-95.249969304,4.142135624,-7.5,      1929P   2281
-100.,1.359632064,-7.5,-104.750030696,-0.507100804,                 1929P   2282
-3.977549703,-107.936743033,-0.229313967,0.748750625,               1929P   2283
-107.46253124,10.,0.748750625,-92.53746876,10.,-3.977549703,        1929P   2284
-92.063256967,10.,-7.5,-95.249969304,10.,-7.5,-100.,10.,-7.5,       1929P   2285
-104.750030696,10.,-3.977549703,-107.936743033,10.,0.748750625,     1929P   2286
-107.46253124,0.,1.,0.,1.;                                          1929P   2287
126,1,1,1,0,1,0,0.,0.,1.,1.,1.,1.,0.966992407,1.,0.,                1931P   2288
0.033007593,1.,0.,0.,1.,0.,0.,1.;                                   1931P   2289
124,-6.12323399573677E-17,4.27583144589696E-31,-1.,-90.,            1933P   2290
-6.98296267768627E-15,-1.,0.,6.98296267768626E-14,-1.,              1933P   2291
6.98296267768627E-15,6.12323399573677E-17,-90.;                     1933P   2292
100,-100.,10.,0.,17.5,0.,2.5,0.;                                    1935P   2293
126,1,1,1,0,1,0,0.,0.,1.,1.,1.,1.,0.033007593,1.,0.,                1937P   2294
0.033007593,0.,0.,0.,1.,0.,0.,1.;                                   1937P   2295
124,6.12323399573677E-17,-1.,0.,10.,6.12323399573677E-17,           1939P   2296
3.74939945665464E-33,1.,90.,-1.,-6.12323399573677E-17,              1939P   2297
6.12323399573677E-17,-80.;                                          1939P   2298
100,-90.,10.,0.,12.5,0.,10.,2.5;                                    1941P   2299
126,1,1,1,0,1,0,0.,0.,1.,1.,1.,1.,0.033007593,0.,0.,                1943P   2300
0.966992407,0.,0.,0.,1.,0.,0.,1.;                                   1943P   2301
124,1.,-7.105427357601E-15,0.,0.,-7.105427357601E-15,-1.,           1945P   2302
6.98296267768627E-15,6.28466640991764E-13,                          1945P   2303
-4.96169340471387E-29,-6.98296267768627E-15,-1.,-180.;              1945P   2304
100,-90.,0.,0.,7.5,0.,-7.5,0.;                                      1947P   2305
126,1,1,1,0,1,0,0.,0.,1.,1.,1.,1.,0.966992407,0.,0.,                1949P   2306
0.966992407,1.,0.,0.,1.,0.,0.,1.;                                   1949P   2307
124,-1.,-1.22464679914735E-16,0.,20.,7.49879891330929E-33,          1951P   2308
-6.12323399573677E-17,-1.,-90.,1.22464679914735E-16,-1.,            1951P   2309
6.12323399573677E-17,-90.;                                          1951P   2310
100,-90.,10.,0.,27.5,0.,10.,17.5;                                   1953P   2311
102,4,1931,1937,1943,1949;                                          1955P   2312
102,4,1935,1941,1947,1953;                                          1957P   2313
142,1,1929,1955,1957,1;                                             1959P   2314
144,1929,1,0,1959;                                                  1961P   2315
110,10.,0.,-100.,1010.,0.,-100.;                                    1963P   2316
110,10.,0.,-107.5,90.,0.,-107.5;                                    1965P   2317
120,1963,1965,0.,6.28318530717959;                                  1967P   2318
126,1,1,1,0,1,0,0.,0.,1.,1.,1.,1.,1.,3.141592654,0.,1.,0.,0.,       1969P   2319
0.,1.,0.,0.,1.;                                                     1969P   2320
124,6.12323399573677E-17,0.,-1.,-10.,0.,1.,0.,0.,1.,0.,             1971P   2321
6.12323399573677E-17,-190.;                                         1971P   2322
100,-100.,90.,0.,97.5,0.,82.5,0.;                                   1973P   2323
126,1,1,1,0,1,0,0.,0.,1.,1.,1.,1.,1.,0.,0.,0.,0.,0.,0.,1.,0.,       1975P   2324
0.,1.;                                                              1975P   2325
110,90.,0.,-107.5,10.,0.,-107.5;                                    1977P   2326
126,1,1,1,0,1,0,0.,0.,1.,1.,1.,1.,0.,0.,0.,0.,3.141592654,0.,       1979P   2327
0.,1.,0.,0.,1.;                                                     1979P   2328
124,6.12323399573677E-17,0.,1.,110.,0.,1.,0.,0.,-1.,0.,             1981P   2329
6.12323399573677E-17,-90.;                                          1981P   2330
100,-100.,10.,0.,17.5,0.,2.5,0.;                                    1983P   2331
126,1,1,1,0,1,0,0.,0.,1.,1.,1.,1.,0.,3.141592654,0.,1.,             1985P   2332
3.141592654,0.,0.,1.,0.,0.,1.;                                      1985P   2333
110,10.,0.,-92.5,90.,0.,-92.5;                                      1987P   2334
102,4,1969,1975,1979,1985;                                          1989P   2335
102,4,1973,1977,1983,1987;                                          1991P   2336
142,1,1967,1989,1991,1;                                             1993P   2337
144,1967,1,0,1993;                                                  1995P   2338
128,6,3,3,3,0,0,0,0,0,0.,0.,0.,0.,0.5,0.5,0.5,1.,1.,1.,1.,0.,       1997P   2339
0.,0.,0.,1.,1.,1.,1.,1.,0.780588314885163,0.780588314885163,1.,     1997P   2340
0.780588314885162,0.780588314885162,1.,0.804737854124364,           1997P   2341
0.628168965475239,0.628168965475239,0.804737854124364,              1997P   2342
0.628168965475239,0.628168965475239,0.804737854124364,              1997P   2343
0.804737854124364,0.628168965475239,0.628168965475239,              1997P   2344
0.804737854124364,0.628168965475239,0.628168965475239,              1997P   2345
0.804737854124364,1.,0.780588314885163,0.780588314885163,1.,        1997P   2346
0.780588314885162,0.780588314885162,1.,90.,0.748750625,             1997P   2347
-92.53746876,90.,-3.977549703,-92.063256967,90.,-7.5,               1997P   2348
-95.249969304,90.,-7.5,-100.,90.,-7.5,-104.750030696,90.,           1997P   2349
-3.977549703,-107.936743033,90.,0.748750625,-107.46253124,          1997P   2350
91.486414786,0.748750625,-92.53746876,91.208627949,                 1997P   2351
-3.977549703,-92.063256967,93.075360816,-7.5,-95.249969304,         1997P   2352
95.857864376,-7.5,-100.,98.640367936,-7.5,-104.750030696,           1997P   2353
100.507100804,-3.977549703,-107.936743033,100.229313967,            1997P   2354
0.748750625,-107.46253124,92.53746876,0.748750625,                  1997P   2355
-91.486414786,92.063256967,-3.977549703,-91.208627949,              1997P   2356
95.249969304,-7.5,-93.075360816,100.,-7.5,-95.857864376,            1997P   2357
104.750030696,-7.5,-98.640367936,107.936743033,-3.977549703,        1997P   2358
-100.507100804,107.46253124,0.748750625,-100.229313967,             1997P   2359
92.53746876,0.748750625,-90.,92.063256967,-3.977549703,-90.,        1997P   2360
95.249969304,-7.5,-90.,100.,-7.5,-90.,104.750030696,-7.5,-90.,      1997P   2361
107.936743033,-3.977549703,-90.,107.46253124,0.748750625,-90.,      1997P   2362
0.,1.,0.,1.;                                                        1997P   2363
126,1,1,1,0,1,0,0.,0.,1.,1.,1.,1.,0.966992407,1.,0.,                1999P   2364
0.033007593,1.,0.,0.,1.,0.,0.,1.;                                   1999P   2365
124,1.,-7.35035671743046E-15,3.70074341541719E-15,                  2001P   2366
3.33066907387549E-13,-7.35035671743048E-15,-1.,                     2001P   2367
6.98296267768627E-15,1.36350231273481E-12,3.70074341541714E-15,     2001P   2368
-6.98296267768629E-15,-1.,-180.;                                    2001P   2369
100,-90.,100.,0.,107.5,0.,92.5,0.;                                  2003P   2370
126,1,1,1,0,1,0,0.,0.,1.,1.,1.,1.,0.033007593,1.,0.,                2005P   2371
0.033007593,0.,0.,0.,1.,0.,0.,1.;                                   2005P   2372
124,1.,0.,0.,0.,0.,6.12323399573677E-17,1.,90.,0.,-1.,              2007P   2373
6.12323399573677E-17,-90.;                                          2007P   2374
100,-90.,90.,0.,92.5,0.,90.,2.5;                                    2009P   2375
126,1,1,1,0,1,0,0.,0.,1.,1.,1.,1.,0.033007593,0.,0.,                2011P   2376
0.966992407,0.,0.,0.,1.,0.,0.,1.;                                   2011P   2377
124,-6.12323399573677E-17,-7.49879891330929E-33,1.,190.,            2013P   2378
1.22464679914735E-16,-1.,0.,-1.10218211923262E-14,1.,               2013P   2379
1.22464679914735E-16,6.12323399573677E-17,-190.;                    2013P   2380
100,-100.,90.,0.,97.5,0.,82.5,0.;                                   2015P   2381
126,1,1,1,0,1,0,0.,0.,1.,1.,1.,1.,0.966992407,0.,0.,                2017P   2382
0.966992407,1.,0.,0.,1.,0.,0.,1.;                                   2017P   2383
124,1.31389792756298E-14,1.,0.,89.9999999999988,                    2019P   2384
-6.12323399573677E-17,8.04530445698171E-31,-1.,-90.,-1.,            2019P   2385
1.31389792756298E-14,6.12323399573677E-17,8.40708173859876E-15;     2019P   2386
100,-90.,90.,0.,107.5,0.,90.,17.5;                                  2021P   2387
102,4,1999,2005,2011,2017;                                          2023P   2388
102,4,2003,2009,2015,2021;                                          2025P   2389
142,1,1997,2023,2025,1;                                             2027P   2390
144,1997,1,0,2027;                                                  2029P   2391
110,100.,0.,-90.,100.,0.,910.;                                      2031P   2392
110,107.5,0.,-90.,107.5,0.,0.;                                      2033P   2393
120,2031,2033,0.,6.28318530717959;                                  2035P   2394
126,1,1,1,0,1,0,0.,0.,1.,1.,1.,1.,1.,3.141592654,0.,1.,             2037P   2395
1.570796327,0.,0.,1.,0.,0.,1.;                                      2037P   2396
124,-1.,0.,6.98296267768627E-15,200.,0.,1.,0.,0.,                   2039P   2397
-6.98296267768627E-15,0.,-1.,6.42785116537369E-13;                  2039P   2398
100,0.,100.,0.,107.5,0.,100.,7.5;                                   2041P   2399
126,1,1,1,0,1,0,0.,0.,1.,1.,1.,1.,1.,1.570796327,0.,1.,0.,0.,       2043P   2400
0.,1.,0.,0.,1.;                                                     2043P   2401
124,6.12323399573677E-17,1.,0.,100.,1.,-6.12323399573677E-17,       2045P   2402
-6.98296267768627E-15,-100.,-6.98296267768627E-15,                  2045P   2403
4.27583144589696E-31,-1.,6.42785116537369E-13;                      2045P   2404
100,0.,100.,0.,107.5,0.,100.,7.5;                                   2047P   2405
126,1,1,1,0,1,0,0.,0.,1.,1.,1.,1.,1.,0.,0.,0.,0.,0.,0.,1.,0.,       2049P   2406
0.,1.;                                                              2049P   2407
110,107.5,0.,0.,107.5,0.,-90.;                                      2051P   2408
126,1,1,1,0,1,0,0.,0.,1.,1.,1.,1.,0.,0.,0.,0.,3.141592654,0.,       2053P   2409
0.,1.,0.,0.,1.;                                                     2053P   2410
100,-90.,100.,0.,107.5,0.,92.5,0.;                                  2055P   2411
126,1,1,1,0,1,0,0.,0.,1.,1.,1.,1.,0.,3.141592654,0.,1.,             2057P   2412
3.141592654,0.,0.,1.,0.,0.,1.;                                      2057P   2413
110,92.5,0.,-90.,92.5,0.,0.;                                        2059P   2414
102,5,2037,2043,2049,2053,2057;                                     2061P   2415
102,5,2041,2047,2051,2055,2059;                                     2063P   2416
142,1,2035,2061,2063,1;                                             2065P   2417
144,2035,1,0,2065;                                                  2067P   2418
128,6,3,3,3,0,0,0,0,0,0.,0.,0.,0.,0.5,0.5,0.5,1.,1.,1.,1.,0.,       2069P   2419
0.,0.,0.,1.,1.,1.,1.,1.,0.780588314885163,0.780588314885163,1.,     2069P   2420
0.780588314885163,0.780588314885163,1.,0.804737854124365,           2069P   2421
0.62816896547524,0.62816896547524,0.804737854124365,                2069P   2422
0.62816896547524,0.62816896547524,0.804737854124365,                2069P   2423
0.804737854124365,0.62816896547524,0.62816896547524,                2069P   2424
0.804737854124365,0.62816896547524,0.62816896547524,                2069P   2425
0.804737854124365,1.,0.780588314885163,0.780588314885163,1.,        2069P   2426
0.780588314885163,0.780588314885163,1.,100.748750625,               2069P   2427
7.46253124,0.,96.022450297,7.936743033,0.,92.5,4.750030696,0.,      2069P   2428
92.5,0.,0.,92.5,-4.750030696,0.,96.022450297,-7.936743033,0.,       2069P   2429
100.748750625,-7.46253124,0.,100.748750625,7.46253124,              2069P   2430
1.486414786,96.022450297,7.936743033,1.208627949,92.5,              2069P   2431
4.750030696,3.075360816,92.5,0.,5.857864376,92.5,-4.750030696,      2069P   2432
8.640367936,96.022450297,-7.936743033,10.507100804,                 2069P   2433
100.748750625,-7.46253124,10.229313967,100.748750625,               2069P   2434
8.513585214,2.53746876,96.022450297,8.791372051,2.063256967,        2069P   2435
92.5,6.924639184,5.249969304,92.5,4.142135624,10.,92.5,             2069P   2436
1.359632064,14.750030696,96.022450297,-0.507100804,                 2069P   2437
17.936743033,100.748750625,-0.229313967,17.46253124,                2069P   2438
100.748750625,10.,2.53746876,96.022450297,10.,2.063256967,92.5,     2069P   2439
10.,5.249969304,92.5,10.,10.,92.5,10.,14.750030696,                 2069P   2440
96.022450297,10.,17.936743033,100.748750625,10.,17.46253124,0.,     2069P   2441
1.,0.,1.;                                                           2069P   2442
126,1,1,1,0,1,0,0.,0.,1.,1.,1.,1.,0.966992407,1.,0.,                2071P   2443
0.033007593,1.,0.,0.,1.,0.,0.,1.;                                   2071P   2444
124,6.12323399573677E-17,-1.,0.,110.,6.12323399573677E-17,          2073P   2445
3.74939945665464E-33,-1.,20.,1.,6.12323399573677E-17,               2073P   2446
6.12323399573677E-17,-90.;                                          2073P   2447
100,10.,100.,10.,107.5,10.,92.5,10.;                                2075P   2448
126,1,1,1,0,1,0,0.,0.,1.,1.,1.,1.,0.033007593,1.,0.,                2077P   2449
0.033007593,0.,0.,0.,1.,0.,0.,1.;                                   2077P   2450
124,-6.12323399573677E-17,4.27583144589696E-31,1.,100.,             2079P   2451
-6.98296267768627E-15,-1.,0.,20.0000000000007,1.,                   2079P   2452
-6.98296267768627E-15,6.12323399573677E-17,-99.9999999999999;       2079P   2453
100,0.,100.,10.,102.5,10.,100.,12.5;                                2081P   2454
126,1,1,1,0,1,0,0.,0.,1.,1.,1.,1.,0.033007593,0.,0.,0.5,0.,0.,      2083P   2455
0.,1.,0.,0.,1.;                                                     2083P   2456
100,0.,100.,0.,100.,7.5,92.5,0.;                                    2085P   2457
126,1,1,1,0,1,0,0.,0.,1.,1.,1.,1.,0.5,0.,0.,0.966992407,0.,0.,      2087P   2458
0.,1.,0.,0.,1.;                                                     2087P   2459
100,0.,100.,0.,92.5,0.,100.,-7.5;                                   2089P   2460
126,1,1,1,0,1,0,0.,0.,1.,1.,1.,1.,0.966992407,0.,0.,                2091P   2461
0.966992407,1.,0.,0.,1.,0.,0.,1.;                                   2091P   2462
124,7.50145202760295E-31,6.12323399573677E-17,-1.,100.,-1.,         2093P   2463
1.22508008559297E-14,0.,110.,1.22508008559297E-14,1.,               2093P   2464
6.12323399573677E-17,-10.0000000000012;                             2093P   2465
100,0.,100.,10.,117.5,10.,100.,27.5;                                2095P   2466
102,5,2071,2077,2083,2087,2091;                                     2097P   2467
102,5,2075,2081,2085,2089,2095;                                     2099P   2468
142,1,2069,2097,2099,1;                                             2101P   2469
144,2069,1,0,2101;                                                  2103P   2470
110,100.,10.,10.,100.,1010.,10.;                                    2105P   2471
110,100.,10.,17.5,100.,90.,17.5;                                    2107P   2472
120,2105,2107,0.,6.28318530717959;                                  2109P   2473
126,1,1,1,0,1,0,0.,0.,1.,1.,1.,1.,1.,3.141592654,0.,1.,0.,0.,       2111P   2474
0.,1.,0.,0.,1.;                                                     2111P   2475
124,1.40271576953299E-14,1.,0.,9.99999999999861,                    2113P   2476
-6.12323399573677E-17,8.58915688636046E-31,-1.,100.,-1.,            2113P   2477
1.40271576953299E-14,6.12323399573677E-17,109.999999999999;         2113P   2478
100,10.,100.,90.,107.5,90.,92.5,90.;                                2115P   2479
126,1,1,1,0,1,0,0.,0.,1.,1.,1.,1.,1.,0.,0.,0.,0.,0.,0.,1.,0.,       2117P   2480
0.,1.;                                                              2117P   2481
110,100.,90.,17.5,100.,10.,17.5;                                    2119P   2482
126,1,1,1,0,1,0,0.,0.,1.,1.,1.,1.,0.,0.,0.,0.,3.141592654,0.,       2121P   2483
0.,1.,0.,0.,1.;                                                     2121P   2484
124,1.40271576953299E-14,1.,0.,89.9999999999986,                    2123P   2485
-6.12323399573677E-17,8.58915688636046E-31,1.,                      2123P   2486
5.51091059616308E-15,1.,-1.40271576953299E-14,                      2123P   2487
6.12323399573677E-17,-89.9999999999999;                             2123P   2488
100,10.,100.,10.,107.5,10.,92.5,10.;                                2125P   2489
126,1,1,1,0,1,0,0.,0.,1.,1.,1.,1.,0.,3.141592654,0.,1.,             2127P   2490
3.141592654,0.,0.,1.,0.,0.,1.;                                      2127P   2491
110,100.,10.,2.5,100.,90.,2.5;                                      2129P   2492
102,4,2111,2117,2121,2127;                                          2131P   2493
102,4,2115,2119,2125,2129;                                          2133P   2494
142,1,2109,2131,2133,1;                                             2135P   2495
144,2109,1,0,2135;                                                  2137P   2496
128,6,3,3,3,0,0,0,0,0,0.,0.,0.,0.,0.5,0.5,0.5,1.,1.,1.,1.,0.,       2139P   2497
0.,0.,0.,1.,1.,1.,1.,1.,0.780588314885163,0.780588314885163,1.,     2139P   2498
0.780588314885163,0.780588314885163,1.,0.804737854124365,           2139P   2499
0.62816896547524,0.62816896547524,0.804737854124365,                2139P   2500
0.62816896547524,0.62816896547524,0.804737854124365,                2139P   2501
0.804737854124365,0.62816896547524,0.62816896547524,                2139P   2502
0.804737854124365,0.62816896547524,0.62816896547524,                2139P   2503
0.804737854124365,1.,0.780588314885163,0.780588314885163,1.,        2139P   2504
0.780588314885163,0.780588314885163,1.,100.748750625,90.,           2139P   2505
2.53746876,96.022450297,90.,2.063256967,92.5,90.,5.249969304,       2139P   2506
92.5,90.,10.,92.5,90.,14.750030696,96.022450297,90.,                2139P   2507
17.936743033,100.748750625,90.,17.46253124,100.748750625,           2139P   2508
91.486414786,2.53746876,96.022450297,91.208627949,2.063256967,      2139P   2509
92.5,93.075360816,5.249969304,92.5,95.857864376,10.,92.5,           2139P   2510
98.640367936,14.750030696,96.022450297,100.507100804,               2139P   2511
17.936743033,100.748750625,100.229313967,17.46253124,               2139P   2512
100.748750625,92.53746876,1.486414786,96.022450297,                 2139P   2513
92.063256967,1.208627949,92.5,95.249969304,3.075360816,92.5,        2139P   2514
100.,5.857864376,92.5,104.750030696,8.640367936,96.022450297,       2139P   2515
107.936743033,10.507100804,100.748750625,107.46253124,              2139P   2516
10.229313967,100.748750625,92.53746876,0.,96.022450297,             2139P   2517
92.063256967,0.,92.5,95.249969304,0.,92.5,100.,0.,92.5,             2139P   2518
104.750030696,0.,96.022450297,107.936743033,0.,100.748750625,       2139P   2519
107.46253124,0.,0.,1.,0.,1.;                                        2139P   2520
126,1,1,1,0,1,0,0.,0.,1.,1.,1.,1.,0.966992407,1.,0.,0.5,1.,0.,      2141P   2521
0.,1.,0.,0.,1.;                                                     2141P   2522
100,0.,100.,100.,100.,107.5,92.5,100.;                              2143P   2523
126,1,1,1,0,1,0,0.,0.,1.,1.,1.,1.,0.5,1.,0.,0.033007593,1.,0.,      2145P   2524
0.,1.,0.,0.,1.;                                                     2145P   2525
100,0.,100.,100.,92.5,100.,100.,92.5;                               2147P   2526
126,1,1,1,0,1,0,0.,0.,1.,1.,1.,1.,0.033007593,1.,0.,                2149P   2527
0.033007593,0.,0.,0.,1.,0.,0.,1.;                                   2149P   2528
124,3.74939945665464E-33,-6.12323399573677E-17,1.,100.,1.,          2151P   2529
6.12323399573677E-17,0.,-10.,-6.12323399573677E-17,1.,              2151P   2530
6.12323399573677E-17,-90.;                                          2151P   2531
100,0.,100.,90.,102.5,90.,100.,92.5;                                2153P   2532
126,1,1,1,0,1,0,0.,0.,1.,1.,1.,1.,0.033007593,0.,0.,                2155P   2533
0.966992407,0.,0.,0.,1.,0.,0.,1.;                                   2155P   2534
124,6.12323399573677E-17,-1.,0.,190.,-7.04419501764363E-15,         2157P   2535
-4.3133254404635E-31,1.,80.0000000000007,-1.,                       2157P   2536
-6.12323399573677E-17,-7.04419501764363E-15,110.;                   2157P   2537
100,10.,100.,90.,107.5,90.,92.5,90.;                                2159P   2538
126,1,1,1,0,1,0,0.,0.,1.,1.,1.,1.,0.966992407,0.,0.,                2161P   2539
0.966992407,1.,0.,0.,1.,0.,0.,1.;                                   2161P   2540
124,6.12323399573677E-17,-8.55166289179392E-31,-1.,100.,            2163P   2541
1.39659253553725E-14,1.,0.,-1.39659253553724E-12,1.,                2163P   2542
-1.39659253553725E-14,6.12323399573677E-17,-99.9999999999987;       2163P   2543
100,0.,100.,90.,117.5,90.,100.,107.5;                               2165P   2544
102,5,2141,2145,2149,2155,2161;                                     2167P   2545
102,5,2143,2147,2153,2159,2165;                                     2169P   2546
142,1,2139,2167,2169,1;                                             2171P   2547
144,2139,1,0,2171;                                                  2173P   2548
110,100.,100.,0.,100.,100.,-1000.;                                  2175P   2549
110,92.5,100.,0.,92.5,100.,-80.;                                    2177P   2550
120,2175,2177,0.,6.28318530717959;                                  2179P   2551
126,1,1,1,0,1,0,0.,0.,1.,1.,1.,1.,1.,3.141592654,0.,1.,0.,0.,       2181P   2552
0.,1.,0.,0.,1.;                                                     2181P   2553
100,-80.,100.,100.,107.5,100.,92.5,100.;                            2183P   2554
126,1,1,1,0,1,0,0.,0.,1.,1.,1.,1.,1.,0.,0.,0.,0.,0.,0.,1.,0.,       2185P   2555
0.,1.;                                                              2185P   2556
110,92.5,100.,-80.,92.5,100.,0.;                                    2187P   2557
126,1,1,1,0,1,0,0.,0.,1.,1.,1.,1.,0.,0.,0.,0.,1.570796327,0.,       2189P   2558
0.,1.,0.,0.,1.;                                                     2189P   2559
124,-1.,-4.31408307542741E-31,6.98296267768627E-15,200.,            2191P   2560
4.31408307542741E-31,1.,1.22464679914735E-16,                       2191P   2561
1.85940534514317E-30,-6.98296267768627E-15,                         2191P   2562
1.22464679914735E-16,-1.,6.7686610572044E-13;                       2191P   2563
100,0.,100.,100.,107.5,100.,100.,107.5;                             2193P   2564
126,1,1,1,0,1,0,0.,0.,1.,1.,1.,1.,0.,1.570796327,0.,0.,             2195P   2565
3.141592654,0.,0.,1.,0.,0.,1.;                                      2195P   2566
124,6.12323399573677E-17,1.,0.,0.,1.,-6.12323399573677E-17,         2197P   2567
-6.98296267768627E-15,0.,-6.98296267768627E-15,                     2197P   2568
4.27583144589696E-31,-1.,0.;                                        2197P   2569
100,0.,100.,100.,107.5,100.,100.,107.5;                             2199P   2570
126,1,1,1,0,1,0,0.,0.,1.,1.,1.,1.,0.,3.141592654,0.,1.,             2201P   2571
3.141592654,0.,0.,1.,0.,0.,1.;                                      2201P   2572
110,107.5,100.,0.,107.5,100.,-80.;                                  2203P   2573
102,5,2181,2185,2189,2195,2201;                                     2205P   2574
102,5,2183,2187,2193,2199,2203;                                     2207P   2575
142,1,2179,2205,2207,1;                                             2209P   2576
144,2179,1,0,2209;                                                  2211P   2577
128,6,3,3,3,0,0,0,0,0,0.,0.,0.,0.,0.5,0.5,0.5,1.,1.,1.,1.,0.,       2213P   2578
0.,0.,0.,1.,1.,1.,1.,1.,0.780588314885163,0.780588314885163,1.,     2213P   2579
0.780588314885163,0.780588314885163,1.,0.804737854124365,           2213P   2580
0.62816896547524,0.62816896547524,0.804737854124365,                2213P   2581
0.62816896547524,0.62816896547524,0.804737854124365,                2213P   2582
0.804737854124365,0.62816896547524,0.62816896547524,                2213P   2583
0.804737854124365,0.62816896547524,0.62816896547524,                2213P   2584
0.804737854124365,1.,0.780588314885163,0.780588314885163,1.,        2213P   2585
0.780588314885163,0.780588314885163,1.,92.53746876,                 2213P   2586
99.251249375,-80.,92.063256967,103.977549703,-80.,95.249969304,     2213P   2587
107.5,-80.,100.,107.5,-80.,104.750030696,107.5,-80.,                2213P   2588
107.936743033,103.977549703,-80.,107.46253124,99.251249375,         2213P   2589
-80.,92.53746876,99.251249375,-81.486414786,92.063256967,           2213P   2590
103.977549703,-81.208627949,95.249969304,107.5,-83.075360816,       2213P   2591
100.,107.5,-85.857864376,104.750030696,107.5,-88.640367936,         2213P   2592
107.936743033,103.977549703,-90.507100804,107.46253124,             2213P   2593
99.251249375,-90.229313967,91.486414786,99.251249375,               2213P   2594
-82.53746876,91.208627949,103.977549703,-82.063256967,              2213P   2595
93.075360816,107.5,-85.249969304,95.857864376,107.5,-90.,           2213P   2596
98.640367936,107.5,-94.750030696,100.507100804,103.977549703,       2213P   2597
-97.936743033,100.229313967,99.251249375,-97.46253124,90.,          2213P   2598
99.251249375,-82.53746876,90.,103.977549703,-82.063256967,90.,      2213P   2599
107.5,-85.249969304,90.,107.5,-90.,90.,107.5,-94.750030696,90.,     2213P   2600
103.977549703,-97.936743033,90.,99.251249375,-97.46253124,0.,       2213P   2601
1.,0.,1.;                                                           2213P   2602
126,1,1,1,0,1,0,0.,0.,1.,1.,1.,1.,0.966992407,1.,0.,                2215P   2603
0.033007593,1.,0.,0.,1.,0.,0.,1.;                                   2215P   2604
124,6.12323399573677E-17,0.,1.,180.,0.,1.,0.,0.,-1.,0.,             2217P   2605
6.12323399573677E-17,1.10218211923262E-14;                          2217P   2606
100,-90.,90.,100.,97.5,100.,82.5,100.;                              2219P   2607
126,1,1,1,0,1,0,0.,0.,1.,1.,1.,1.,0.033007593,1.,0.,                2221P   2608
0.033007593,0.,0.,0.,1.,0.,0.,1.;                                   2221P   2609
124,1.40271576953299E-14,1.,0.,-10.0000000000013,                   2223P   2610
-6.12323399573677E-17,8.58915688636046E-31,-1.,20.,-1.,             2223P   2611
1.40271576953299E-14,6.12323399573677E-17,9.99999999999859;         2223P   2612
100,-80.,90.,100.,92.5,100.,90.,102.5;                              2225P   2613
126,1,1,1,0,1,0,0.,0.,1.,1.,1.,1.,0.033007593,0.,0.,                2227P   2614
0.966992407,0.,0.,0.,1.,0.,0.,1.;                                   2227P   2615
124,-1.,-6.98296267768627E-15,0.,200.000000000001,                  2229P   2616
-6.98296267768627E-15,1.,-6.98296267768627E-15,                     2229P   2617
1.40540629029316E-13,4.87617677579594E-29,                          2229P   2618
-6.98296267768627E-15,-1.,-159.999999999999;                        2229P   2619
100,-80.,100.,100.,107.5,100.,92.5,100.;                            2231P   2620
126,1,1,1,0,1,0,0.,0.,1.,1.,1.,1.,0.966992407,0.,0.,                2233P   2621
0.966992407,1.,0.,0.,1.,0.,0.,1.;                                   2233P   2622
124,1.,-1.39659253553725E-14,0.,1.40341931954044E-12,               2235P   2623
8.55166289179392E-31,6.12323399573677E-17,1.,180.,                  2235P   2624
-1.39659253553725E-14,-1.,6.12323399573677E-17,                     2235P   2625
20.0000000000013;                                                   2235P   2626
100,-80.,90.,100.,107.5,100.,90.,117.5;                             2237P   2627
102,4,2215,2221,2227,2233;                                          2239P   2628
102,4,2219,2225,2231,2237;                                          2241P   2629
142,1,2213,2239,2241,1;                                             2243P   2630
144,2213,1,0,2243;                                                  2245P   2631
110,90.,100.,-90.,-910.,100.,-90.;                                  2247P   2632
110,90.,100.,-82.5,10.,100.,-82.5;                                  2249P   2633
120,2247,2249,0.,6.28318530717959;                                  2251P   2634
126,1,1,1,0,1,0,0.,0.,1.,1.,1.,1.,1.,3.141592654,0.,1.,0.,0.,       2253P   2635
0.,1.,0.,0.,1.;                                                     2253P   2636
124,6.12323399573677E-17,0.,1.,100.,0.,1.,0.,0.,-1.,0.,             2255P   2637
6.12323399573677E-17,-80.;                                          2255P   2638
100,-90.,10.,100.,17.5,100.,2.5,100.;                               2257P   2639
126,1,1,1,0,1,0,0.,0.,1.,1.,1.,1.,1.,0.,0.,0.,0.,0.,0.,1.,0.,       2259P   2640
0.,1.;                                                              2259P   2641
110,10.,100.,-82.5,90.,100.,-82.5;                                  2261P   2642
126,1,1,1,0,1,0,0.,0.,1.,1.,1.,1.,0.,0.,0.,0.,3.141592654,0.,       2263P   2643
0.,1.,0.,0.,1.;                                                     2263P   2644
124,6.12323399573677E-17,0.,-1.,-1.10218211923262E-14,0.,1.,0.,     2265P   2645
0.,1.,0.,6.12323399573677E-17,-180.;                                2265P   2646
100,-90.,90.,100.,97.5,100.,82.5,100.;                              2267P   2647
126,1,1,1,0,1,0,0.,0.,1.,1.,1.,1.,0.,3.141592654,0.,1.,             2269P   2648
3.141592654,0.,0.,1.,0.,0.,1.;                                      2269P   2649
110,90.,100.,-97.5,10.,100.,-97.5;                                  2271P   2650
102,4,2253,2259,2263,2269;                                          2273P   2651
102,4,2257,2261,2267,2271;                                          2275P   2652
142,1,2251,2273,2275,1;                                             2277P   2653
144,2251,1,0,2277;                                                  2279P   2654
128,6,3,3,3,0,0,0,0,0,0.,0.,0.,0.,0.5,0.5,0.5,1.,1.,1.,1.,0.,       2281P   2655
0.,0.,0.,1.,1.,1.,1.,1.,0.780588314885163,0.780588314885163,1.,     2281P   2656
0.780588314885163,0.780588314885163,1.,0.804737854124365,           2281P   2657
0.62816896547524,0.62816896547524,0.804737854124365,                2281P   2658
0.62816896547524,0.62816896547524,0.804737854124365,                2281P   2659
0.804737854124365,0.62816896547524,0.62816896547524,                2281P   2660
0.804737854124365,0.62816896547524,0.62816896547524,                2281P   2661
0.804737854124365,1.,0.780588314885163,0.780588314885163,1.,        2281P   2662
0.780588314885163,0.780588314885163,1.,10.,99.251249375,            2281P   2663
-82.53746876,10.,103.977549703,-82.063256967,10.,107.5,             2281P   2664
-85.249969304,10.,107.5,-90.,10.,107.5,-94.750030696,10.,           2281P   2665
103.977549703,-97.936743033,10.,99.251249375,-97.46253124,          2281P   2666
8.513585214,99.251249375,-82.53746876,8.791372051,                  2281P   2667
103.977549703,-82.063256967,6.924639184,107.5,-85.249969304,        2281P   2668
4.142135624,107.5,-90.,1.359632064,107.5,-94.750030696,             2281P   2669
-0.507100804,103.977549703,-97.936743033,-0.229313967,              2281P   2670
99.251249375,-97.46253124,7.46253124,99.251249375,                  2281P   2671
-81.486414786,7.936743033,103.977549703,-81.208627949,              2281P   2672
4.750030696,107.5,-83.075360816,0.,107.5,-85.857864376,             2281P   2673
-4.750030696,107.5,-88.640367936,-7.936743033,103.977549703,        2281P   2674
-90.507100804,-7.46253124,99.251249375,-90.229313967,               2281P   2675
7.46253124,99.251249375,-80.,7.936743033,103.977549703,-80.,        2281P   2676
4.750030696,107.5,-80.,0.,107.5,-80.,-4.750030696,107.5,-80.,       2281P   2677
-7.936743033,103.977549703,-80.,-7.46253124,99.251249375,-80.,      2281P   2678
0.,1.,0.,1.;                                                        2281P   2679
126,1,1,1,0,1,0,0.,0.,1.,1.,1.,1.,0.966992407,1.,0.,                2283P   2680
0.033007593,1.,0.,0.,1.,0.,0.,1.;                                   2283P   2681
124,-1.,-6.98296267768627E-15,0.,6.9135737386472E-13,               2285P   2682
-6.98296267768627E-15,1.,-6.98296267768627E-15,                     2285P   2683
-5.62162516117215E-13,4.87617677579594E-29,                         2285P   2684
-6.98296267768627E-15,-1.,-159.999999999999;                        2285P   2685
100,-80.,0.,100.,7.5,100.,-7.5,100.;                                2287P   2686
126,1,1,1,0,1,0,0.,0.,1.,1.,1.,1.,0.033007593,1.,0.,                2289P   2687
0.033007593,0.,0.,0.,1.,0.,0.,1.;                                   2289P   2688
124,-1.,6.98296267768627E-15,0.,19.9999999999993,                   2291P   2689
-4.27583144589696E-31,-6.12323399573677E-17,-1.,20.,                2291P   2690
-6.98296267768627E-15,-1.,6.12323399573677E-17,                     2291P   2691
20.0000000000001;                                                   2291P   2692
100,-80.,10.,100.,12.5,100.,10.,102.5;                              2293P   2693
126,1,1,1,0,1,0,0.,0.,1.,1.,1.,1.,0.033007593,0.,0.,                2295P   2694
0.966992407,0.,0.,0.,1.,0.,0.,1.;                                   2295P   2695
124,6.12323399573677E-17,0.,-1.,-80.,0.,1.,0.,0.,1.,0.,             2297P   2696
6.12323399573677E-17,-100.;                                         2297P   2697
100,-90.,10.,100.,17.5,100.,2.5,100.;                               2299P   2698
126,1,1,1,0,1,0,0.,0.,1.,1.,1.,1.,0.966992407,0.,0.,                2301P   2699
0.966992407,1.,0.,0.,1.,0.,0.,1.;                                   2301P   2700
124,7.27366154732462E-16,-1.,0.,110.,6.12323399573677E-17,          2303P   2701
4.45383316600614E-32,1.,180.,-1.,-7.27366154732462E-16,             2303P   2702
6.12323399573677E-17,-69.9999999999999;                             2303P   2703
100,-80.,10.,100.,27.5,100.,10.,117.5;                              2305P   2704
102,4,2283,2289,2295,2301;                                          2307P   2705
102,4,2287,2293,2299,2305;                                          2309P   2706
142,1,2281,2307,2309,1;                                             2311P   2707
144,2281,1,0,2311;                                                  2313P   2708
110,0.,100.,-80.,0.,100.,920.;                                      2315P   2709
110,7.5,100.,-80.,7.5,100.,-10.;                                    2317P   2710
120,2315,2317,0.,6.28318530717959;                                  2319P   2711
126,1,1,1,0,1,0,0.,0.,1.,1.,1.,1.,1.,3.141592654,0.,1.,0.,0.,       2321P   2712
0.,1.,0.,0.,1.;                                                     2321P   2713
124,-1.,-6.98296267768627E-15,0.,6.98296267768627E-13,              2323P   2714
-6.98296267768627E-15,1.,-6.98296267768627E-15,                     2323P   2715
-7.02703145146434E-14,4.87617677579594E-29,                         2323P   2716
-6.98296267768627E-15,-1.,-19.9999999999993;                        2323P   2717
100,-10.,0.,100.,7.5,100.,-7.5,100.;                                2325P   2718
126,1,1,1,0,1,0,0.,0.,1.,1.,1.,1.,1.,0.,0.,0.,0.,0.,0.,1.,0.,       2327P   2719
0.,1.;                                                              2327P   2720
110,7.5,100.,-10.,7.5,100.,-80.;                                    2329P   2721
126,1,1,1,0,1,0,0.,0.,1.,1.,1.,1.,0.,0.,0.,0.,3.141592654,0.,       2331P   2722
0.,1.,0.,0.,1.;                                                     2331P   2723
100,-80.,0.,100.,7.5,100.,-7.5,100.;                                2333P   2724
126,1,1,1,0,1,0,0.,0.,1.,1.,1.,1.,0.,3.141592654,0.,1.,             2335P   2725
3.141592654,0.,0.,1.,0.,0.,1.;                                      2335P   2726
110,-7.5,100.,-80.,-7.5,100.,-10.;                                  2337P   2727
102,4,2321,2327,2331,2335;                                          2339P   2728
102,4,2325,2329,2333,2337;                                          2341P   2729
142,1,2319,2339,2341,1;                                             2343P   2730
144,2319,1,0,2343;                                                  2345P   2731
128,6,3,3,3,0,0,0,0,0,0.,0.,0.,0.,0.5,0.5,0.5,1.,1.,1.,1.,0.,       2347P   2732
0.,0.,0.,1.,1.,1.,1.,1.,0.780588314885163,0.780588314885163,1.,     2347P   2733
0.780588314885163,0.780588314885163,1.,0.804737854124365,           2347P   2734
0.62816896547524,0.62816896547524,0.804737854124365,                2347P   2735
0.62816896547524,0.62816896547524,0.804737854124365,                2347P   2736
0.804737854124365,0.62816896547524,0.62816896547524,                2347P   2737
0.804737854124365,0.62816896547524,0.62816896547524,                2347P   2738
0.804737854124365,1.,0.780588314885163,0.780588314885163,1.,        2347P   2739
0.780588314885163,0.780588314885163,1.,7.46253124,99.251249375,     2347P   2740
-10.,7.936743033,103.977549703,-10.,4.750030696,107.5,-10.,0.,      2347P   2741
107.5,-10.,-4.750030696,107.5,-10.,-7.936743033,103.977549703,      2347P   2742
-10.,-7.46253124,99.251249375,-10.,7.46253124,99.251249375,         2347P   2743
-8.513585214,7.936743033,103.977549703,-8.791372051,                2347P   2744
4.750030696,107.5,-6.924639184,0.,107.5,-4.142135624,               2347P   2745
-4.750030696,107.5,-1.359632064,-7.936743033,103.977549703,         2347P   2746
0.507100804,-7.46253124,99.251249375,0.229313967,8.513585214,       2347P   2747
99.251249375,-7.46253124,8.791372051,103.977549703,                 2347P   2748
-7.936743033,6.924639184,107.5,-4.750030696,4.142135624,107.5,      2347P   2749
0.,1.359632064,107.5,4.750030696,-0.507100804,103.977549703,        2347P   2750
7.936743033,-0.229313967,99.251249375,7.46253124,10.,               2347P   2751
99.251249375,-7.46253124,10.,103.977549703,-7.936743033,10.,        2347P   2752
107.5,-4.750030696,10.,107.5,0.,10.,107.5,4.750030696,10.,          2347P   2753
103.977549703,7.936743033,10.,99.251249375,7.46253124,0.,1.,0.,     2347P   2754
1.;                                                                 2347P   2755
126,1,1,1,0,1,0,0.,0.,1.,1.,1.,1.,0.966992407,1.,0.,                2349P   2756
0.033007593,1.,0.,0.,1.,0.,0.,1.;                                   2349P   2757
124,6.12323399573677E-17,0.,-1.,9.99999999999999,0.,1.,0.,0.,       2351P   2758
1.,0.,6.12323399573677E-17,-10.;                                    2351P   2759
100,0.,10.,100.,17.5,100.,2.5,100.;                                 2353P   2760
126,1,1,1,0,1,0,0.,0.,1.,1.,1.,1.,0.033007593,1.,0.,                2355P   2761
0.033007593,0.,0.,0.,1.,0.,0.,1.;                                   2355P   2762
124,6.12323399573677E-17,-1.,0.,110.,6.12323399573677E-17,          2357P   2763
3.74939945665464E-33,-1.,90.,1.,6.12323399573677E-17,               2357P   2764
6.12323399573677E-17,-20.;                                          2357P   2765
100,-10.,10.,100.,12.5,100.,10.,102.5;                              2359P   2766
126,1,1,1,0,1,0,0.,0.,1.,1.,1.,1.,0.033007593,0.,0.,                2361P   2767
0.966992407,0.,0.,0.,1.,0.,0.,1.;                                   2361P   2768
100,-10.,0.,100.,7.5,100.,-7.5,100.;                                2363P   2769
126,1,1,1,0,1,0,0.,0.,1.,1.,1.,1.,0.966992407,0.,0.,                2365P   2770
0.966992407,1.,0.,0.,1.,0.,0.,1.;                                   2365P   2771
124,-1.,6.98296267768627E-15,0.,19.9999999999993,                   2367P   2772
-4.27583144589696E-31,-6.12323399573677E-17,1.,110.,                2367P   2773
6.98296267768627E-15,1.,6.12323399573677E-17,-110.;                 2367P   2774
100,-10.,10.,100.,27.5,100.,10.,117.5;                              2369P   2775
102,4,2349,2355,2361,2365;                                          2371P   2776
102,4,2353,2359,2363,2369;                                          2373P   2777
142,1,2347,2371,2373,1;                                             2375P   2778
144,2347,1,0,2375;                                                  2377P   2779
110,10.,100.,0.,1010.,100.,0.;                                      2379P   2780
110,10.,100.,-7.5,40.,100.,-7.5;                                    2381P   2781
120,2379,2381,0.,6.28318530717959;                                  2383P   2782
126,1,1,1,0,1,0,0.,0.,1.,1.,1.,1.,1.,3.141592654,0.,1.,             2385P   2783
1.570796327,0.,0.,1.,0.,0.,1.;                                      2385P   2784
124,6.12323399573677E-17,0.,-1.,40.,0.,1.,0.,0.,1.,0.,              2387P   2785
6.12323399573677E-17,-40.;                                          2387P   2786
100,0.,40.,100.,47.5,100.,40.,107.5;                                2389P   2787
126,1,1,1,0,1,0,0.,0.,1.,1.,1.,1.,1.,1.570796327,0.,1.,0.,0.,       2391P   2788
0.,1.,0.,0.,1.;                                                     2391P   2789
124,3.74939945665464E-33,-6.12323399573677E-17,-1.,40.,1.,          2393P   2790
6.12323399573677E-17,0.,60.,6.12323399573677E-17,-1.,               2393P   2791
6.12323399573677E-17,100.;                                          2393P   2792
100,0.,40.,100.,47.5,100.,40.,107.5;                                2395P   2793
126,1,1,1,0,1,0,0.,0.,1.,1.,1.,1.,1.,0.,0.,0.,0.,0.,0.,1.,0.,       2397P   2794
0.,1.;                                                              2397P   2795
110,40.,100.,-7.5,10.,100.,-7.5;                                    2399P   2796
126,1,1,1,0,1,0,0.,0.,1.,1.,1.,1.,0.,0.,0.,0.,3.141592654,0.,       2401P   2797
0.,1.,0.,0.,1.;                                                     2401P   2798
124,6.12323399573677E-17,0.,1.,10.,0.,1.,0.,0.,-1.,0.,              2403P   2799
6.12323399573677E-17,9.99999999999999;                              2403P   2800
100,0.,10.,100.,17.5,100.,2.5,100.;                                 2405P   2801
126,1,1,1,0,1,0,0.,0.,1.,1.,1.,1.,0.,3.141592654,0.,1.,             2407P   2802
3.141592654,0.,0.,1.,0.,0.,1.;                                      2407P   2803
110,10.,100.,7.5,40.,100.,7.5;                                      2409P   2804
102,5,2385,2391,2397,2401,2407;                                     2411P   2805
102,5,2389,2395,2399,2405,2409;                                     2413P   2806
142,1,2383,2411,2413,1;                                             2415P   2807
144,2383,1,0,2415;                                                  2417P   2808
128,6,3,3,3,0,0,0,0,0,0.,0.,0.,0.,0.5,0.5,0.5,1.,1.,1.,1.,0.,       2419P   2809
0.,0.,0.,1.,1.,1.,1.,1.,0.780588314885163,0.780588314885163,1.,     2419P   2810
0.780588314885162,0.780588314885162,1.,0.804737854124365,           2419P   2811
0.62816896547524,0.62816896547524,0.804737854124365,                2419P   2812
0.62816896547524,0.62816896547524,0.804737854124365,                2419P   2813
0.804737854124365,0.62816896547524,0.62816896547524,                2419P   2814
0.804737854124365,0.62816896547524,0.62816896547524,                2419P   2815
0.804737854124365,1.,0.780588314885163,0.780588314885163,1.,        2419P   2816
0.780588314885162,0.780588314885162,1.,40.,92.53746876,             2419P   2817
0.748750625,40.,92.063256967,-3.977549703,40.,95.249969304,         2419P   2818
-7.5,40.,100.,-7.5,40.,104.750030696,-7.5,40.,107.936743033,        2419P   2819
-3.977549703,40.,107.46253124,0.748750625,41.486414786,             2419P   2820
92.53746876,0.748750625,41.208627949,92.063256967,-3.977549703,     2419P   2821
43.075360816,95.249969304,-7.5,45.857864376,100.,-7.5,              2419P   2822
48.640367936,104.750030696,-7.5,50.507100804,107.936743033,         2419P   2823
-3.977549703,50.229313967,107.46253124,0.748750625,42.53746876,     2419P   2824
91.486414786,0.748750625,42.063256967,91.208627949,                 2419P   2825
-3.977549703,45.249969304,93.075360816,-7.5,50.,95.857864376,       2419P   2826
-7.5,54.750030696,98.640367936,-7.5,57.936743033,100.507100804,     2419P   2827
-3.977549703,57.46253124,100.229313967,0.748750625,42.53746876,     2419P   2828
90.,0.748750625,42.063256967,90.,-3.977549703,45.249969304,90.,     2419P   2829
-7.5,50.,90.,-7.5,54.750030696,90.,-7.5,57.936743033,90.,           2419P   2830
-3.977549703,57.46253124,90.,0.748750625,0.,1.,0.,1.;               2419P   2831
126,1,1,1,0,1,0,0.,0.,1.,1.,1.,1.,0.966992407,1.,0.,0.5,1.,0.,      2421P   2832
0.,1.,0.,0.,1.;                                                     2421P   2833
124,1.,-1.38777878078145E-15,1.38777878078145E-15,                  2423P   2834
1.2490009027033E-13,-1.38777878078145E-15,6.12323399573696E-17,     2423P   2835
1.,90.0000000000001,-1.38777878078145E-15,-1.,                      2423P   2836
6.12323399573677E-17,90.0000000000001;                              2423P   2837
100,0.,50.,90.,57.5,90.,50.,97.5;                                   2425P   2838
126,1,1,1,0,1,0,0.,0.,1.,1.,1.,1.,0.5,1.,0.,0.033007593,1.,0.,      2427P   2839
0.,1.,0.,0.,1.;                                                     2427P   2840
124,4.49810398576173E-16,-1.,1.38777878078145E-15,140.,             2429P   2841
6.1232339957367E-17,1.38777878078145E-15,1.,89.9999999999999,       2429P   2842
-1.,-4.49810398576173E-16,6.12323399573677E-17,50.;                 2429P   2843
100,0.,50.,90.,57.5,90.,50.,97.5;                                   2431P   2844
126,1,1,1,0,1,0,0.,0.,1.,1.,1.,1.,0.033007593,1.,0.,                2433P   2845
0.033007593,0.,0.,0.,1.,0.,0.,1.;                                   2433P   2846
100,0.,40.,90.,42.5,90.,40.,92.5;                                   2435P   2847
126,1,1,1,0,1,0,0.,0.,1.,1.,1.,1.,0.033007593,0.,0.,0.5,0.,0.,      2437P   2848
0.,1.,0.,0.,1.;                                                     2437P   2849
124,-9.88100343491444E-29,-7.04419501764363E-15,1.,                 2439P   2850
40.0000000000007,-1.,1.40271576953299E-14,0.,139.999999999999,      2439P   2851
-1.40271576953299E-14,-1.,-7.04419501764363E-15,                    2439P   2852
100.000000000001;                                                   2439P   2853
100,0.,40.,100.,47.5,100.,40.,107.5;                                2441P   2854
126,1,1,1,0,1,0,0.,0.,1.,1.,1.,1.,0.5,0.,0.,0.966992407,0.,0.,      2443P   2855
0.,1.,0.,0.,1.;                                                     2443P   2856
124,-7.04419501764363E-15,0.,1.,40.0000000000003,0.,1.,0.,0.,       2445P   2857
-1.,0.,-7.04419501764363E-15,40.;                                   2445P   2858
100,0.,40.,100.,47.5,100.,40.,107.5;                                2447P   2859
126,1,1,1,0,1,0,0.,0.,1.,1.,1.,1.,0.966992407,0.,0.,                2449P   2860
0.966992407,1.,0.,0.,1.,0.,0.,1.;                                   2449P   2861
124,1.71992234799732E-14,1.,-1.10752084926649E-29,                  2451P   2862
-50.0000000000007,1.,-1.71992234799732E-14,                         2451P   2863
-6.98296267768627E-15,50.0000000000016,-6.98296267768627E-15,       2451P   2864
1.09026327153173E-28,-1.,2.51562931491812E-13;                      2451P   2865
100,0.,40.,90.,57.5,90.,40.,107.5;                                  2453P   2866
102,6,2421,2427,2433,2437,2443,2449;                                2455P   2867
102,6,2425,2431,2435,2441,2447,2453;                                2457P   2868
142,1,2419,2455,2457,1;                                             2459P   2869
144,2419,1,0,2459;                                                  2461P   2870
110,50.,90.,0.,50.,-910.,0.;                                        2463P   2871
110,50.,90.,-7.5,50.,50.,-7.5;                                      2465P   2872
120,2463,2465,0.,6.28318530717959;                                  2467P   2873
126,1,1,1,0,1,0,0.,0.,1.,1.,1.,1.,1.,3.141592654,0.,1.,0.,0.,       2469P   2874
0.,1.,0.,0.,1.;                                                     2469P   2875
124,1.40271576953299E-14,1.,0.,-7.01357884766485E-13,               2471P   2876
-6.12323399573677E-17,8.58915688636046E-31,1.,50.,1.,               2471P   2877
-1.40271576953299E-14,6.12323399573677E-17,-49.9999999999993;       2471P   2878
100,0.,50.,50.,57.5,50.,42.5,50.;                                   2473P   2879
126,1,1,1,0,1,0,0.,0.,1.,1.,1.,1.,1.,0.,0.,0.,0.,0.,0.,1.,0.,       2475P   2880
0.,1.;                                                              2475P   2881
110,50.,50.,-7.5,50.,90.,-7.5;                                      2477P   2882
126,1,1,1,0,1,0,0.,0.,1.,1.,1.,1.,0.,0.,0.,0.,1.570796327,0.,       2479P   2883
0.,1.,0.,0.,1.;                                                     2479P   2884
124,1.36385796367111E-14,1.,-1.38777878078145E-15,                  2481P   2885
-40.0000000000007,-6.12323399573866E-17,-1.38777878078144E-15,      2481P   2886
-1.,90.0000000000001,-1.,1.36385796367111E-14,                      2481P   2887
6.12323399573677E-17,49.9999999999988;                              2481P   2888
100,0.,50.,90.,57.5,90.,50.,97.5;                                   2483P   2889
126,1,1,1,0,1,0,0.,0.,1.,1.,1.,1.,0.,1.570796327,0.,0.,             2485P   2890
3.141592654,0.,0.,1.,0.,0.,1.;                                      2485P   2891
124,1.,-1.38777878078145E-15,-1.38777878078145E-15,                 2487P   2892
1.2490009027033E-13,-1.38777878078145E-15,6.12323399573696E-17,     2487P   2893
-1.,90.0000000000001,1.38777878078145E-15,1.,                       2487P   2894
6.12323399573677E-17,-90.0000000000001;                             2487P   2895
100,0.,50.,90.,57.5,90.,50.,97.5;                                   2489P   2896
126,1,1,1,0,1,0,0.,0.,1.,1.,1.,1.,0.,3.141592654,0.,1.,             2491P   2897
3.141592654,0.,0.,1.,0.,0.,1.;                                      2491P   2898
110,50.,90.,7.5,50.,50.,7.5;                                        2493P   2899
102,5,2469,2475,2479,2485,2491;                                     2495P   2900
102,5,2473,2477,2483,2489,2493;                                     2497P   2901
142,1,2467,2495,2497,1;                                             2499P   2902
144,2467,1,0,2499;                                                  2501P   2903
128,18,1,3,1,0,0,1,0,0,0.5,0.5,0.5,0.5,0.53125,0.5625,0.59375,      2503P   2904
0.625,0.65625,0.6875,0.71875,0.75,0.78125,0.8125,0.84375,0.875,     2503P   2905
0.90625,0.9375,0.96875,1.,1.,1.,1.,0.,0.,1.,1.,1.,1.,1.,1.,1.,      2503P   2906
1.,1.,1.,1.,1.,1.,1.,1.,1.,1.,1.,1.,1.,1.,1.,1.,1.,1.,1.,1.,1.,     2503P   2907
1.,1.,1.,1.,1.,1.,1.,1.,1.,1.,1.,1.,50.,51.043916583,               2503P   2908
7.712132034,50.504753674,51.043916583,7.712132034,51.514261022,     2503P   2909
51.043916583,7.612704239,52.970329843,51.043916583,7.171010591,     2503P   2910
54.312250553,51.043916583,6.453739028,55.488453893,                 2503P   2911
51.043916583,5.488453893,56.453739028,51.043916583,4.312250553,     2503P   2912
57.171010591,51.043916583,2.970329843,57.612704239,                 2503P   2913
51.043916583,1.514261022,57.761845932,51.043916583,0.,              2503P   2914
57.612704239,51.043916583,-1.514261022,57.171010591,                2503P   2915
51.043916583,-2.970329843,56.453739028,51.043916583,                2503P   2916
-4.312250553,55.488453893,51.043916583,-5.488453893,                2503P   2917
54.312250553,51.043916583,-6.453739028,52.970329843,                2503P   2918
51.043916583,-7.171010591,51.514261022,51.043916583,                2503P   2919
-7.612704239,50.504753674,51.043916583,-7.712132034,50.,            2503P   2920
51.043916583,-7.712132034,50.,50.001,7.712132034,50.504753674,      2503P   2921
50.001,7.712132034,51.514261022,50.001,7.612704239,                 2503P   2922
52.970329843,50.001,7.171010591,54.312250553,50.001,                2503P   2923
6.453739028,55.488453893,50.001,5.488453893,56.453739028,           2503P   2924
50.001,4.312250553,57.171010591,50.001,2.970329843,                 2503P   2925
57.612704239,50.001,1.514261022,57.761845932,50.001,0.,             2503P   2926
57.612704239,50.001,-1.514261022,57.171010591,50.001,               2503P   2927
-2.970329843,56.453739028,50.001,-4.312250553,55.488453893,         2503P   2928
50.001,-5.488453893,54.312250553,50.001,-6.453739028,               2503P   2929
52.970329843,50.001,-7.171010591,51.514261022,50.001,               2503P   2930
-7.612704239,50.504753674,50.001,-7.712132034,50.,50.001,           2503P   2931
-7.712132034,0.5,1.,0.,1.;                                          2503P   2932
126,1,1,1,0,1,0,0.,0.,1.,1.,1.,1.,1.,0.,0.,1.,1.,0.,0.,1.,0.,       2505P   2933
0.,1.;                                                              2505P   2934
110,50.,51.043916583,-7.712132034,50.,50.001,-7.712132034;          2507P   2935
126,1,1,1,0,1,0,0.,0.,1.,1.,1.,1.,1.,1.,0.,0.5,1.,0.,0.,1.,0.,      2509P   2936
0.,1.;                                                              2509P   2937
126,18,3,1,0,1,0,0.,0.,0.,0.,0.0312500000000001,                    2511P   2938
0.0625000000000001,0.09375,0.125,0.15625,0.1875,0.21875,0.25,       2511P   2939
0.28125,0.3125,0.34375,0.375,0.40625,0.4375,0.46875,0.5,0.5,        2511P   2940
0.5,0.5,1.,1.,1.,1.,1.,1.,1.,1.,1.,1.,1.,1.,1.,1.,1.,1.,1.,1.,      2511P   2941
1.,50.,50.001,-7.712132034,50.504753674,50.001,-7.712132034,        2511P   2942
51.514261022,50.001,-7.612704239,52.970329843,50.001,               2511P   2943
-7.171010591,54.312250553,50.001,-6.453739028,55.488453893,         2511P   2944
50.001,-5.488453893,56.453739028,50.001,-4.312250553,               2511P   2945
57.171010591,50.001,-2.970329843,57.612704239,50.001,               2511P   2946
-1.514261022,57.761845932,50.001,0.,57.612704239,50.001,            2511P   2947
1.514261022,57.171010591,50.001,2.970329843,56.453739028,           2511P   2948
50.001,4.312250553,55.488453893,50.001,5.488453893,                 2511P   2949
54.312250553,50.001,6.453739028,52.970329843,50.001,                2511P   2950
7.171010591,51.514261022,50.001,7.612704239,50.504753674,           2511P   2951
50.001,7.712132034,50.,50.001,7.712132034,0.,0.5,0.,1.,0.;          2511P   2952
126,1,1,1,0,1,0,0.,0.,1.,1.,1.,1.,0.5,1.,0.,0.5,0.,0.,0.,1.,0.,     2513P   2953
0.,1.;                                                              2513P   2954
110,50.,50.001,7.712132034,50.,51.043916583,7.712132034;            2515P   2955
126,1,1,1,0,1,0,0.,0.,1.,1.,1.,1.,0.5,0.,0.,1.,0.,0.,0.,1.,0.,      2517P   2956
0.,1.;                                                              2517P   2957
126,9,3,1,0,1,0,0.,0.,0.,0.,0.25,0.25,0.5,0.5,0.75,0.75,1.,1.,      2519P   2958
1.,1.,1.,1.,1.,1.,1.,1.,1.,1.,1.,1.,50.,51.043916583,               2519P   2959
7.712132034,52.024076542,51.043916583,7.712276384,54.02196054,      2519P   2960
51.043916583,6.884437037,56.884641178,51.043916583,4.022164681,     2519P   2961
57.711987685,51.043916583,2.024076542,57.712276384,                 2519P   2962
51.043916583,-2.024076542,56.884437037,51.043916583,                2519P   2963
-4.02196054,54.022164681,51.043916583,-6.884641178,52.0262834,      2519P   2964
51.043916583,-7.712132034,50.,51.043916583,-7.712132034,0.,1.,      2519P   2965
0.,-1.,0.;                                                          2519P   2966
102,4,2505,2509,2513,2517;                                          2521P   2967
102,4,2507,2511,2515,2519;                                          2523P   2968
142,1,2503,2521,2523,1;                                             2525P   2969
144,2503,1,0,2525;                                                  2527P   2970
128,18,1,3,1,0,0,1,0,0,0.,0.,0.,0.,0.03125,0.0625,0.09375,          2529P   2971
0.125,0.15625,0.1875,0.21875,0.25,0.28125,0.3125,0.34375,0.375,     2529P   2972
0.40625,0.4375,0.46875,0.5,0.5,0.5,0.5,0.,0.,1.,1.,1.,1.,1.,1.,     2529P   2973
1.,1.,1.,1.,1.,1.,1.,1.,1.,1.,1.,1.,1.,1.,1.,1.,1.,1.,1.,1.,1.,     2529P   2974
1.,1.,1.,1.,1.,1.,1.,1.,1.,1.,1.,1.,1.,50.,51.043916583,            2529P   2975
-7.712132034,49.495246326,51.043916583,-7.712132034,                2529P   2976
48.485738978,51.043916583,-7.612704239,47.029670157,                2529P   2977
51.043916583,-7.171010591,45.687749447,51.043916583,                2529P   2978
-6.453739028,44.511546107,51.043916583,-5.488453893,                2529P   2979
43.546260972,51.043916583,-4.312250553,42.828989409,                2529P   2980
51.043916583,-2.970329843,42.387295761,51.043916583,                2529P   2981
-1.514261022,42.238154068,51.043916583,0.,42.387295761,             2529P   2982
51.043916583,1.514261022,42.828989409,51.043916583,2.970329843,     2529P   2983
43.546260972,51.043916583,4.312250553,44.511546107,                 2529P   2984
51.043916583,5.488453893,45.687749447,51.043916583,6.453739028,     2529P   2985
47.029670157,51.043916583,7.171010591,48.485738978,                 2529P   2986
51.043916583,7.612704239,49.495246326,51.043916583,7.712132034,     2529P   2987
50.,51.043916583,7.712132034,50.,50.001,-7.712132034,               2529P   2988
49.495246326,50.001,-7.712132034,48.485738978,50.001,               2529P   2989
-7.612704239,47.029670157,50.001,-7.171010591,45.687749447,         2529P   2990
50.001,-6.453739028,44.511546107,50.001,-5.488453893,               2529P   2991
43.546260972,50.001,-4.312250553,42.828989409,50.001,               2529P   2992
-2.970329843,42.387295761,50.001,-1.514261022,42.238154068,         2529P   2993
50.001,0.,42.387295761,50.001,1.514261022,42.828989409,50.001,      2529P   2994
2.970329843,43.546260972,50.001,4.312250553,44.511546107,           2529P   2995
50.001,5.488453893,45.687749447,50.001,6.453739028,                 2529P   2996
47.029670157,50.001,7.171010591,48.485738978,50.001,                2529P   2997
7.612704239,49.495246326,50.001,7.712132034,50.,50.001,             2529P   2998
7.712132034,0.,0.5,0.,1.;                                           2529P   2999
126,1,1,1,0,1,0,0.,0.,1.,1.,1.,1.,0.5,1.,0.,0.,1.,0.,0.,1.,0.,      2531P   3000
0.,1.;                                                              2531P   3001
126,18,3,1,0,1,0,0.,0.,0.,0.,0.0312499999999999,0.0625,             2533P   3002
0.0937499999999999,0.125,0.15625,0.1875,0.21875,0.25,0.28125,       2533P   3003
0.3125,0.34375,0.375,0.40625,0.4375,0.46875,0.5,0.5,0.5,0.5,1.,     2533P   3004
1.,1.,1.,1.,1.,1.,1.,1.,1.,1.,1.,1.,1.,1.,1.,1.,1.,1.,50.,          2533P   3005
50.001,7.712132034,49.495246326,50.001,7.712132034,                 2533P   3006
48.485738978,50.001,7.612704239,47.029670157,50.001,                2533P   3007
7.171010591,45.687749447,50.001,6.453739028,44.511546107,           2533P   3008
50.001,5.488453893,43.546260972,50.001,4.312250553,                 2533P   3009
42.828989409,50.001,2.970329843,42.387295761,50.001,                2533P   3010
1.514261022,42.238154068,50.001,0.,42.387295761,50.001,             2533P   3011
-1.514261022,42.828989409,50.001,-2.970329843,43.546260972,         2533P   3012
50.001,-4.312250553,44.511546107,50.001,-5.488453893,               2533P   3013
45.687749447,50.001,-6.453739028,47.029670157,50.001,               2533P   3014
-7.171010591,48.485738978,50.001,-7.612704239,49.495246326,         2533P   3015
50.001,-7.712132034,50.,50.001,-7.712132034,0.,0.5,0.,1.,0.;        2533P   3016
126,1,1,1,0,1,0,0.,0.,1.,1.,1.,1.,0.,1.,0.,0.,0.,0.,0.,1.,0.,       2535P   3017
0.,1.;                                                              2535P   3018
110,50.,50.001,-7.712132034,50.,51.043916583,-7.712132034;          2537P   3019
126,1,1,1,0,1,0,0.,0.,1.,1.,1.,1.,0.,0.,0.,0.5,0.,0.,0.,1.,0.,      2539P   3020
0.,1.;                                                              2539P   3021
126,9,3,1,0,1,0,0.,0.,0.,0.,0.25,0.25,0.5,0.5,0.75,0.75,1.,1.,      2541P   3022
1.,1.,1.,1.,1.,1.,1.,1.,1.,1.,1.,1.,50.,51.043916583,               2541P   3023
-7.712132034,47.975197494,51.043916583,-7.712132034,                2541P   3024
45.97803946,51.043916583,-6.884437037,43.115358822,                 2541P   3025
51.043916583,-4.022164681,42.288012315,51.043916583,                2541P   3026
-2.024076542,42.287723616,51.043916583,2.024076542,                 2541P   3027
43.115562963,51.043916583,4.02196054,45.977835319,51.043916583,     2541P   3028
6.884641178,47.975923458,51.043916583,7.711987685,50.,              2541P   3029
51.043916583,7.712132034,0.,1.,0.,-1.,0.;                           2541P   3030
126,1,1,1,0,1,0,0.,0.,1.,1.,1.,1.,0.5,0.,0.,0.5,1.,0.,0.,1.,0.,     2543P   3031
0.,1.;                                                              2543P   3032
110,50.,51.043916583,7.712132034,50.,50.001,7.712132034;            2545P   3033
102,4,2531,2535,2539,2543;                                          2547P   3034
102,4,2533,2537,2541,2545;                                          2549P   3035
142,1,2529,2547,2549,1;                                             2551P   3036
144,2529,1,0,2551;                                                  2553P   3037
128,1,1,1,1,0,0,1,0,0,0.,0.,1.,1.,0.,0.,1.,1.,1.,1.,1.,1.,          2555P   3038
42.195294991,51.043916583,-7.804677781,57.804705009,                2555P   3039
51.043916583,-7.804677781,42.195294991,51.043916583,                2555P   3040
7.804704847,57.804705009,51.043916583,7.804704847,0.,1.,0.,1.;      2555P   3041
126,32,2,1,0,1,0,0.,0.,0.,0.0625,0.0625,0.125,0.125,0.1875,         2557P   3042
0.1875,0.25,0.25,0.3125,0.3125,0.375,0.375,0.4375,0.4375,0.5,       2557P   3043
0.5,0.5625,0.5625,0.625,0.625,0.6875,0.6875,0.75,0.75,0.8125,       2557P   3044
0.8125,0.875,0.875,0.9375,0.9375,1.,1.,1.,1.,1.,1.,1.,1.,1.,1.,     2557P   3045
1.,1.,1.,1.,1.,1.,1.,1.,1.,1.,1.,1.,1.,1.,1.,1.,1.,1.,1.,1.,1.,     2557P   3046
1.,1.,1.,1.,1.,0.5,0.005928854,0.,0.548679372,0.005928854,0.,       2557P   3047
0.596388161,0.015422276,0.,0.644148612,0.024925978,0.,              2557P   3048
0.689072179,0.043537714,0.,0.734060849,0.062176424,0.,              2557P   3049
0.774490259,0.089194709,0.,0.814978259,0.116252151,0.,              2557P   3050
0.849359832,0.150638688,0.,0.883791231,0.185075059,0.,              2557P   3051
0.910803703,0.225508393,0.,0.937855321,0.266000323,0.,              2557P   3052
0.956460618,0.310926623,0.,0.975092877,0.35591803,0.,               2557P   3053
0.984576007,0.403610803,0.,0.99407288,0.451372693,0.,               2557P   3054
0.994069412,0.499999133,0.,0.994065939,0.548696043,0.,              2557P   3055
0.984576007,0.596387463,0.,0.975072322,0.644147998,0.,              2557P   3056
0.956460618,0.689071643,0.,0.937821941,0.734060393,0.,              2557P   3057
0.910803703,0.774489873,0.,0.883746309,0.814977945,0.,              2557P   3058
0.849359832,0.849359578,0.,0.814923521,0.883791038,0.,              2557P   3059
0.774490259,0.910803557,0.,0.733998399,0.937855223,0.,              2557P   3060
0.689072179,0.956460552,0.,0.64408085,0.975092844,0.,               2557P   3061
0.596388161,0.98457599,0.,0.548626354,0.99407288,0.,0.5,            2557P   3062
0.994069412,0.,0.,1.,0.,0.,-1.;                                     2557P   3063
126,9,3,1,0,1,0,0.,0.,0.,0.,0.25,0.25,0.5,0.5,0.75,0.75,1.,1.,      2559P   3064
1.,1.,1.,1.,1.,1.,1.,1.,1.,1.,1.,1.,50.,51.043916583,               2559P   3065
-7.712132034,52.0262834,51.043916583,-7.712132034,54.020090649,     2559P   3066
51.043916583,-6.886715505,56.886511069,51.043916583,                2559P   3067
-4.019886212,57.712276593,51.043916583,-2.027009875,                2559P   3068
57.711987476,51.043916583,2.027009875,56.886715505,                 2559P   3069
51.043916583,4.020090649,54.019886212,51.043916583,6.886511069,     2559P   3070
52.027009875,51.043916583,7.712276593,50.,51.043916583,             2559P   3071
7.712132034,0.,1.,0.,1.,0.;                                         2559P   3072
126,32,2,1,0,1,0,0.,0.,0.,0.0625,0.0625,0.125,0.125,0.1875,         2561P   3073
0.1875,0.25,0.25,0.3125,0.3125,0.375,0.375,0.4375,0.4375,0.5,       2561P   3074
0.5,0.5625,0.5625,0.625,0.625,0.6875,0.6875,0.75,0.75,0.8125,       2561P   3075
0.8125,0.875,0.875,0.9375,0.9375,1.,1.,1.,1.,1.,1.,1.,1.,1.,1.,     2561P   3076
1.,1.,1.,1.,1.,1.,1.,1.,1.,1.,1.,1.,1.,1.,1.,1.,1.,1.,1.,1.,1.,     2561P   3077
1.,1.,1.,1.,1.,0.5,0.994069412,0.,0.451303175,0.994065939,0.,       2561P   3078
0.403611839,0.98457599,0.,0.355851388,0.975072288,0.,               2561P   3079
0.310927821,0.956460552,0.,0.265939151,0.937821842,0.,              2561P   3080
0.225509741,0.910803557,0.,0.185021741,0.883746115,0.,              2561P   3081
0.150640168,0.849359578,0.,0.116208769,0.814923207,0.,              2561P   3082
0.089196297,0.774489873,0.,0.062144679,0.733997943,0.,              2561P   3083
0.043539382,0.689071643,0.,0.024907123,0.644080236,0.,              2561P   3084
0.015423993,0.596387463,0.,0.00592712,0.548625573,0.,               2561P   3085
0.005930588,0.499999133,0.,0.005934061,0.451302223,0.,              2561P   3086
0.015423993,0.403610803,0.,0.024927678,0.355850268,0.,              2561P   3087
0.043539382,0.310926623,0.,0.062178059,0.265937873,0.,              2561P   3088
0.089196297,0.225508393,0.,0.116253691,0.185020321,0.,              2561P   3089
0.150640168,0.150638688,0.,0.185076479,0.116207228,0.,              2561P   3090
0.225509741,0.089194709,0.,0.266001601,0.062143043,0.,              2561P   3091
0.310927821,0.043537714,0.,0.35591915,0.024905422,0.,               2561P   3092
0.403611839,0.015422276,0.,0.451356205,0.005928854,0.,0.5,          2561P   3093
0.005928854,0.,0.,1.,0.,0.,-1.;                                     2561P   3094
126,9,3,1,0,1,0,0.,0.,0.,0.,0.25,0.25,0.5,0.5,0.75,0.75,1.,1.,      2563P   3095
1.,1.,1.,1.,1.,1.,1.,1.,1.,1.,1.,1.,50.,51.043916583,               2563P   3096
7.712132034,47.972990125,51.043916583,7.711987476,45.979909351,     2563P   3097
51.043916583,6.886715505,43.113488931,51.043916583,4.019886212,     2563P   3098
42.287723407,51.043916583,2.027009875,42.288012524,                 2563P   3099
51.043916583,-2.027009875,43.113284495,51.043916583,                2563P   3100
-4.020090649,45.980113788,51.043916583,-6.886511069,                2563P   3101
47.975197494,51.043916583,-7.712132034,50.,51.043916583,            2563P   3102
-7.712132034,0.,1.,0.,1.,0.;                                        2563P   3103
102,2,2557,2561;                                                    2565P   3104
102,2,2559,2563;                                                    2567P   3105
142,1,2555,2565,2567,1;                                             2569P   3106
144,2555,1,0,2569;                                                  2571P   3107
128,1,1,1,1,0,0,1,0,0,0.,0.,1.,1.,0.,0.,1.,1.,1.,1.,1.,1.,          2573P   3108
42.195294991,50.001,-7.804677781,57.804705009,50.001,               2573P   3109
-7.804677781,42.195294991,50.001,7.804704847,57.804705009,          2573P   3110
50.001,7.804704847,0.,1.,0.,1.;                                     2573P   3111
126,32,2,1,0,1,0,0.,0.,0.,0.0625,0.0625,0.125,0.125,0.1875,         2575P   3112
0.1875,0.25,0.25,0.3125,0.3125,0.375,0.375,0.4375,0.4375,0.5,       2575P   3113
0.5,0.5625,0.5625,0.625,0.625,0.6875,0.6875,0.75,0.75,0.8125,       2575P   3114
0.8125,0.875,0.875,0.9375,0.9375,1.,1.,1.,1.,1.,1.,1.,1.,1.,1.,     2575P   3115
1.,1.,1.,1.,1.,1.,1.,1.,1.,1.,1.,1.,1.,1.,1.,1.,1.,1.,1.,1.,1.,     2575P   3116
1.,1.,1.,1.,1.,0.5,0.994069412,0.,0.451303175,0.994065939,0.,       2575P   3117
0.403611839,0.98457599,0.,0.355851388,0.975072288,0.,               2575P   3118
0.310927821,0.956460552,0.,0.265939151,0.937821842,0.,              2575P   3119
0.225509741,0.910803557,0.,0.185021741,0.883746115,0.,              2575P   3120
0.150640168,0.849359578,0.,0.116208769,0.814923207,0.,              2575P   3121
0.089196297,0.774489873,0.,0.062144679,0.733997943,0.,              2575P   3122
0.043539382,0.689071643,0.,0.024907123,0.644080236,0.,              2575P   3123
0.015423993,0.596387463,0.,0.00592712,0.548625573,0.,               2575P   3124
0.005930588,0.499999133,0.,0.005934061,0.451302223,0.,              2575P   3125
0.015423993,0.403610803,0.,0.024927678,0.355850268,0.,              2575P   3126
0.043539382,0.310926623,0.,0.062178059,0.265937873,0.,              2575P   3127
0.089196297,0.225508393,0.,0.116253691,0.185020321,0.,              2575P   3128
0.150640168,0.150638688,0.,0.185076479,0.116207228,0.,              2575P   3129
0.225509741,0.089194709,0.,0.266001601,0.062143043,0.,              2575P   3130
0.310927821,0.043537714,0.,0.35591915,0.024905422,0.,               2575P   3131
0.403611839,0.015422276,0.,0.451356205,0.005928854,0.,0.5,          2575P   3132
0.005928854,0.,0.,1.,0.,0.,-1.;                                     2575P   3133
126,18,3,1,0,1,0,0.,0.,0.,0.,0.0312499999999999,0.0625,             2577P   3134
0.0937499999999999,0.125,0.15625,0.1875,0.21875,0.25,0.28125,       2577P   3135
0.3125,0.34375,0.375,0.40625,0.4375,0.46875,0.5,0.5,0.5,0.5,1.,     2577P   3136
1.,1.,1.,1.,1.,1.,1.,1.,1.,1.,1.,1.,1.,1.,1.,1.,1.,1.,50.,          2577P   3137
50.001,7.712132034,49.495246326,50.001,7.712132034,                 2577P   3138
48.485738978,50.001,7.612704239,47.029670157,50.001,                2577P   3139
7.171010591,45.687749447,50.001,6.453739028,44.511546107,           2577P   3140
50.001,5.488453893,43.546260972,50.001,4.312250553,                 2577P   3141
42.828989409,50.001,2.970329843,42.387295761,50.001,                2577P   3142
1.514261022,42.238154068,50.001,0.,42.387295761,50.001,             2577P   3143
-1.514261022,42.828989409,50.001,-2.970329843,43.546260972,         2577P   3144
50.001,-4.312250553,44.511546107,50.001,-5.488453893,               2577P   3145
45.687749447,50.001,-6.453739028,47.029670157,50.001,               2577P   3146
-7.171010591,48.485738978,50.001,-7.612704239,49.495246326,         2577P   3147
50.001,-7.712132034,50.,50.001,-7.712132034,0.,0.5,0.,1.,0.;        2577P   3148
126,32,2,1,0,1,0,0.,0.,0.,0.0625,0.0625,0.125,0.125,0.1875,         2579P   3149
0.1875,0.25,0.25,0.3125,0.3125,0.375,0.375,0.4375,0.4375,0.5,       2579P   3150
0.5,0.5625,0.5625,0.625,0.625,0.6875,0.6875,0.75,0.75,0.8125,       2579P   3151
0.8125,0.875,0.875,0.9375,0.9375,1.,1.,1.,1.,1.,1.,1.,1.,1.,1.,     2579P   3152
1.,1.,1.,1.,1.,1.,1.,1.,1.,1.,1.,1.,1.,1.,1.,1.,1.,1.,1.,1.,1.,     2579P   3153
1.,1.,1.,1.,1.,0.5,0.005928854,0.,0.548679372,0.005928854,0.,       2579P   3154
0.596388161,0.015422276,0.,0.644148612,0.024925978,0.,              2579P   3155
0.689072179,0.043537714,0.,0.734060849,0.062176424,0.,              2579P   3156
0.774490259,0.089194709,0.,0.814978259,0.116252151,0.,              2579P   3157
0.849359832,0.150638688,0.,0.883791231,0.185075059,0.,              2579P   3158
0.910803703,0.225508393,0.,0.937855321,0.266000323,0.,              2579P   3159
0.956460618,0.310926623,0.,0.975092877,0.35591803,0.,               2579P   3160
0.984576007,0.403610803,0.,0.99407288,0.451372693,0.,               2579P   3161
0.994069412,0.499999133,0.,0.994065939,0.548696043,0.,              2579P   3162
0.984576007,0.596387463,0.,0.975072322,0.644147998,0.,              2579P   3163
0.956460618,0.689071643,0.,0.937821941,0.734060393,0.,              2579P   3164
0.910803703,0.774489873,0.,0.883746309,0.814977945,0.,              2579P   3165
0.849359832,0.849359578,0.,0.814923521,0.883791038,0.,              2579P   3166
0.774490259,0.910803557,0.,0.733998399,0.937855223,0.,              2579P   3167
0.689072179,0.956460552,0.,0.64408085,0.975092844,0.,               2579P   3168
0.596388161,0.98457599,0.,0.548626354,0.99407288,0.,0.5,            2579P   3169
0.994069412,0.,0.,1.,0.,0.,-1.;                                     2579P   3170
126,18,3,1,0,1,0,0.,0.,0.,0.,0.0312500000000001,                    2581P   3171
0.0625000000000001,0.09375,0.125,0.15625,0.1875,0.21875,0.25,       2581P   3172
0.28125,0.3125,0.34375,0.375,0.40625,0.4375,0.46875,0.5,0.5,        2581P   3173
0.5,0.5,1.,1.,1.,1.,1.,1.,1.,1.,1.,1.,1.,1.,1.,1.,1.,1.,1.,1.,      2581P   3174
1.,50.,50.001,-7.712132034,50.504753674,50.001,-7.712132034,        2581P   3175
51.514261022,50.001,-7.612704239,52.970329843,50.001,               2581P   3176
-7.171010591,54.312250553,50.001,-6.453739028,55.488453893,         2581P   3177
50.001,-5.488453893,56.453739028,50.001,-4.312250553,               2581P   3178
57.171010591,50.001,-2.970329843,57.612704239,50.001,               2581P   3179
-1.514261022,57.761845932,50.001,0.,57.612704239,50.001,            2581P   3180
1.514261022,57.171010591,50.001,2.970329843,56.453739028,           2581P   3181
50.001,4.312250553,55.488453893,50.001,5.488453893,                 2581P   3182
54.312250553,50.001,6.453739028,52.970329843,50.001,                2581P   3183
7.171010591,51.514261022,50.001,7.612704239,50.504753674,           2581P   3184
50.001,7.712132034,50.,50.001,7.712132034,0.,0.5,0.,1.,0.;          2581P   3185
102,2,2575,2579;                                                    2583P   3186
102,2,2577,2581;                                                    2585P   3187
142,1,2573,2583,2585,1;                                             2587P   3188
144,2573,1,0,2587;                                                  2589P   3189
S      1G      4D   2590P   3189                                        T      1
